subset,subset_size,master_size,spearman,kendall,pairwise_win_agreement,aggregate_score_mae,aggregate_score_rmse
family_stratified_random50_0000,50,100,1.0,1.0,1.0,0.17965732473527496,0.2098234484894212
family_stratified_random50_0001,50,100,1.0,1.0,1.0,0.23909767461173514,0.25407273948684983
family_stratified_random50_0002,50,100,1.0,1.0,1.0,0.28674316469110694,0.39511176392000746
family_stratified_random50_0003,50,100,1.0,1.0,1.0,0.40528039568506824,0.4637203607186811
family_stratified_random50_0004,50,100,1.0,1.0,1.0,0.3231602916170895,0.45321463951066643
family_stratified_random50_0005,50,100,1.0,1.0,1.0,0.2463729016972093,0.2964444710866608
family_stratified_random50_0006,50,100,1.0,1.0,1.0,0.4133336947915432,0.5706957663387066
family_stratified_random50_0007,50,100,1.0,1.0,1.0,0.4012625709229583,0.4768988554521128
family_stratified_random50_0008,50,100,1.0,1.0,1.0,0.249965761639262,0.31724318317749867
family_stratified_random50_0009,50,100,1.0,1.0,1.0,0.5420572233084926,0.5971355878502326
family_stratified_random50_0010,50,100,1.0,1.0,1.0,0.3703573737504127,0.4303252051269009
family_stratified_random50_0011,50,100,1.0,1.0,1.0,0.5683415900581859,0.6451773923290985
family_stratified_random50_0012,50,100,1.0,1.0,1.0,0.2663501065396939,0.3318556264462025
family_stratified_random50_0013,50,100,1.0,1.0,1.0,0.5996776324743844,0.6458586837830153
family_stratified_random50_0014,50,100,1.0,1.0,1.0,0.5806035627243388,0.7196238418746417
family_stratified_random50_0015,50,100,1.0,1.0,1.0,0.22587323790705952,0.25221271871583145
family_stratified_random50_0016,50,100,1.0,1.0,1.0,0.4055679374972776,0.49110883261489247
family_stratified_random50_0017,50,100,1.0,1.0,1.0,0.4520905880661182,0.5596379922908292
family_stratified_random50_0018,50,100,1.0,1.0,1.0,0.455103214554985,0.5527130498719277
family_stratified_random50_0019,50,100,1.0,1.0,1.0,0.367409672958479,0.4423919026884153
family_stratified_random50_0020,50,100,1.0,1.0,1.0,0.4646716359132628,0.601826222213208
family_stratified_random50_0021,50,100,0.9642857142857143,0.9047619047619048,0.9523809523809523,0.2356024826308048,0.25778639563281097
family_stratified_random50_0022,50,100,1.0,1.0,1.0,0.24248550805313468,0.27238434856664584
family_stratified_random50_0023,50,100,1.0,1.0,1.0,0.3696622022797516,0.44312004592837306
family_stratified_random50_0024,50,100,1.0,1.0,1.0,0.49878791979412584,0.5860043574272176
family_stratified_random50_0025,50,100,1.0,1.0,1.0,0.3625199023209533,0.4252868713855294
family_stratified_random50_0026,50,100,1.0,1.0,1.0,0.35790885795385713,0.4371270035116128
family_stratified_random50_0027,50,100,1.0,1.0,1.0,0.27657150915276535,0.33274195995164196
family_stratified_random50_0028,50,100,1.0,1.0,1.0,0.4262789199241752,0.5112694793537421
family_stratified_random50_0029,50,100,1.0,1.0,1.0,0.26612010929176017,0.316890659142409
family_stratified_random50_0030,50,100,1.0,1.0,1.0,0.2547105218601522,0.3141556544428913
family_stratified_random50_0031,50,100,1.0,1.0,1.0,0.5772443285656049,0.6560003761351941
family_stratified_random50_0032,50,100,1.0,1.0,1.0,0.4346983541432515,0.49290788977478883
family_stratified_random50_0033,50,100,1.0,1.0,1.0,0.5275935528980709,0.6492086853031414
family_stratified_random50_0034,50,100,1.0,1.0,1.0,0.1987240724254084,0.24345842444460888
family_stratified_random50_0035,50,100,1.0,1.0,1.0,0.33064350591877595,0.3949225269791491
family_stratified_random50_0036,50,100,1.0,1.0,1.0,0.5620886853381039,0.6151372984802144
family_stratified_random50_0037,50,100,1.0,1.0,1.0,0.1892304842146587,0.2496161249805453
family_stratified_random50_0038,50,100,0.9642857142857143,0.9047619047619048,0.9523809523809523,0.480947928283256,0.5361542986209595
family_stratified_random50_0039,50,100,1.0,1.0,1.0,0.12660647458377733,0.16246593530791717
family_stratified_random50_0040,50,100,1.0,1.0,1.0,0.33608445803081893,0.44218311701595336
family_stratified_random50_0041,50,100,1.0,1.0,1.0,0.17663659862866005,0.23718168190247327
family_stratified_random50_0042,50,100,1.0,1.0,1.0,0.29409392883551966,0.3713334622598136
family_stratified_random50_0043,50,100,1.0,1.0,1.0,0.33682198977786404,0.5273390152011516
family_stratified_random50_0044,50,100,1.0,1.0,1.0,0.3156746596763275,0.39815586198922076
family_stratified_random50_0045,50,100,1.0,1.0,1.0,0.3365921576297823,0.39886494126257377
family_stratified_random50_0046,50,100,1.0,1.0,1.0,0.15038975256232384,0.17359472191180106
family_stratified_random50_0047,50,100,1.0,1.0,1.0,0.5343578351684484,0.5685140544869894
family_stratified_random50_0048,50,100,1.0,1.0,1.0,0.6584620612593616,0.7798008510117311
family_stratified_random50_0049,50,100,1.0,1.0,1.0,0.598760432749306,0.6389758867398723
family_stratified_random50_0050,50,100,1.0,1.0,1.0,0.36855457918332674,0.6058094205721137
family_stratified_random50_0051,50,100,1.0,1.0,1.0,0.2429403501983283,0.32136027945800133
family_stratified_random50_0052,50,100,1.0,1.0,1.0,0.24438314663037625,0.34052024326970043
family_stratified_random50_0053,50,100,1.0,1.0,1.0,0.457980214668103,0.5099242588728125
family_stratified_random50_0054,50,100,1.0,1.0,1.0,0.23013284361072273,0.23754145586628925
family_stratified_random50_0055,50,100,1.0,1.0,1.0,0.27853401279322637,0.4163862947113428
family_stratified_random50_0056,50,100,1.0,1.0,1.0,0.2978794047313522,0.3891091464755531
family_stratified_random50_0057,50,100,0.9642857142857143,0.9047619047619048,0.9523809523809523,0.3126026501574028,0.3490564658111503
family_stratified_random50_0058,50,100,1.0,1.0,1.0,0.2573649147933041,0.2935312462177427
family_stratified_random50_0059,50,100,0.9642857142857143,0.9047619047619048,0.9523809523809523,0.2547069795815153,0.298131866068365
family_stratified_random50_0060,50,100,1.0,1.0,1.0,0.22859812205996452,0.35663951963816143
family_stratified_random50_0061,50,100,1.0,1.0,1.0,0.3209452105001456,0.4206774068413756
family_stratified_random50_0062,50,100,1.0,1.0,1.0,0.2707758005592437,0.30938472997693994
family_stratified_random50_0063,50,100,1.0,1.0,1.0,0.3499569091908389,0.39954558865204304
family_stratified_random50_0064,50,100,1.0,1.0,1.0,0.5447193724443878,0.6292889319526408
family_stratified_random50_0065,50,100,1.0,1.0,1.0,0.3348125595800875,0.38472274994222794
family_stratified_random50_0066,50,100,1.0,1.0,1.0,0.25943434439265894,0.2833488759081031
family_stratified_random50_0067,50,100,1.0,1.0,1.0,0.31091124803231546,0.39926249756531335
family_stratified_random50_0068,50,100,1.0,1.0,1.0,0.3961544346220606,0.4362767314658599
family_stratified_random50_0069,50,100,0.9642857142857143,0.9047619047619048,0.9523809523809523,0.5318041917913701,0.6136189957286197
family_stratified_random50_0070,50,100,1.0,1.0,1.0,0.6020051455001092,0.6651109136117355
family_stratified_random50_0071,50,100,1.0,1.0,1.0,0.2846405036851847,0.30050010253124326
family_stratified_random50_0072,50,100,0.9642857142857143,0.9047619047619048,0.9523809523809523,0.29761742142113523,0.3607724978033895
family_stratified_random50_0073,50,100,0.9642857142857143,0.9047619047619048,0.9523809523809523,0.5900503067372778,0.6494012403759417
family_stratified_random50_0074,50,100,1.0,1.0,1.0,0.5017435297747334,0.8136905520048857
family_stratified_random50_0075,50,100,0.9642857142857143,0.9047619047619048,0.9523809523809523,0.5750875635362404,0.7256979835330511
family_stratified_random50_0076,50,100,1.0,1.0,1.0,0.45052109689310316,0.6025964531857624
family_stratified_random50_0077,50,100,0.9642857142857143,0.9047619047619048,0.9523809523809523,0.5117760544943607,0.6275915893928768
family_stratified_random50_0078,50,100,1.0,1.0,1.0,0.2660347438848002,0.32698398738781076
family_stratified_random50_0079,50,100,1.0,1.0,1.0,0.46159531156375755,0.5501168824853416
family_stratified_random50_0080,50,100,1.0,1.0,1.0,0.39808476068102283,0.475978334088258
family_stratified_random50_0081,50,100,1.0,1.0,1.0,0.2931547869103655,0.3431502504367832
family_stratified_random50_0082,50,100,1.0,1.0,1.0,0.46603112713272865,0.5338597319106608
family_stratified_random50_0083,50,100,1.0,1.0,1.0,0.3582518244347018,0.4737557197427701
family_stratified_random50_0084,50,100,1.0,1.0,1.0,0.2891722455746823,0.4482918275947825
family_stratified_random50_0085,50,100,1.0,1.0,1.0,0.3491509408415645,0.40213399632885133
family_stratified_random50_0086,50,100,1.0,1.0,1.0,0.3175522494770876,0.38481803048156205
family_stratified_random50_0087,50,100,1.0,1.0,1.0,0.3222786197319791,0.36742852344543464
family_stratified_random50_0088,50,100,1.0,1.0,1.0,0.2809399080839687,0.3628036809178199
family_stratified_random50_0089,50,100,1.0,1.0,1.0,0.304722472937329,0.3514208126467061
family_stratified_random50_0090,50,100,1.0,1.0,1.0,0.40014019777513277,0.4893606962464228
family_stratified_random50_0091,50,100,1.0,1.0,1.0,0.2836426408414195,0.3143137827400361
family_stratified_random50_0092,50,100,1.0,1.0,1.0,0.27783636426353797,0.36075663028012217
family_stratified_random50_0093,50,100,1.0,1.0,1.0,0.32873949644881784,0.4815272785542566
family_stratified_random50_0094,50,100,1.0,1.0,1.0,0.2801586196041607,0.3129292470292561
family_stratified_random50_0095,50,100,1.0,1.0,1.0,0.43986720180050903,0.5990628825315353
family_stratified_random50_0096,50,100,1.0,1.0,1.0,0.23922632381547154,0.31291184115842463
family_stratified_random50_0097,50,100,1.0,1.0,1.0,0.24319816357283036,0.26856008575707435
family_stratified_random50_0098,50,100,1.0,1.0,1.0,0.46141376044943583,0.6393311535851484
family_stratified_random50_0099,50,100,1.0,1.0,1.0,0.43253609623134465,0.5559664352555087
family_stratified_random50_0100,50,100,1.0,1.0,1.0,0.30445067996665215,0.3928236482463562
family_stratified_random50_0101,50,100,1.0,1.0,1.0,0.21373904643520422,0.2708073487733903
family_stratified_random50_0102,50,100,1.0,1.0,1.0,0.1494377166696263,0.186254595487381
family_stratified_random50_0103,50,100,1.0,1.0,1.0,0.42201654003337236,0.4387113689889843
family_stratified_random50_0104,50,100,1.0,1.0,1.0,0.3225112194702671,0.36987826008452124
family_stratified_random50_0105,50,100,1.0,1.0,1.0,0.45972434775085724,0.6083981337752784
family_stratified_random50_0106,50,100,1.0,1.0,1.0,0.4334936815570376,0.517526366679487
family_stratified_random50_0107,50,100,1.0,1.0,1.0,0.19754176360252126,0.22686541286105588
family_stratified_random50_0108,50,100,1.0,1.0,1.0,0.36817167668388995,0.6383398158542106
family_stratified_random50_0109,50,100,1.0,1.0,1.0,0.16885048014203943,0.20385727716496374
family_stratified_random50_0110,50,100,1.0,1.0,1.0,0.20689063940876856,0.24741482260379538
family_stratified_random50_0111,50,100,1.0,1.0,1.0,0.47094213645129107,0.665148860385804
family_stratified_random50_0112,50,100,1.0,1.0,1.0,0.4208428369824884,0.6350468555944176
family_stratified_random50_0113,50,100,1.0,1.0,1.0,0.3130571129976178,0.4027820750965542
family_stratified_random50_0114,50,100,1.0,1.0,1.0,0.4357204104869719,0.544065410305672
family_stratified_random50_0115,50,100,1.0,1.0,1.0,0.3532471836007477,0.4308915914741658
family_stratified_random50_0116,50,100,1.0,1.0,1.0,0.26593943531175496,0.31829329618744195
family_stratified_random50_0117,50,100,1.0,1.0,1.0,0.3088863251899692,0.39023533025341295
family_stratified_random50_0118,50,100,1.0,1.0,1.0,0.21141482664306546,0.3547833040515502
family_stratified_random50_0119,50,100,1.0,1.0,1.0,0.2521722893293318,0.28310444167101545
family_stratified_random50_0120,50,100,0.9642857142857143,0.9047619047619048,0.9523809523809523,0.5677479355836756,0.6452741226073504
family_stratified_random50_0121,50,100,1.0,1.0,1.0,0.30780045834005537,0.4143697504232423
family_stratified_random50_0122,50,100,1.0,1.0,1.0,0.41495682979539167,0.4454979835261743
family_stratified_random50_0123,50,100,1.0,1.0,1.0,0.2684558641985925,0.3173604257000947
family_stratified_random50_0124,50,100,1.0,1.0,1.0,0.3566748719646825,0.4332729863019794
family_stratified_random50_0125,50,100,1.0,1.0,1.0,0.4474317555105726,0.5959391072521294
family_stratified_random50_0126,50,100,1.0,1.0,1.0,0.6114508064762938,0.6884356717566177
family_stratified_random50_0127,50,100,1.0,1.0,1.0,0.5046566650028567,0.634104393545499
family_stratified_random50_0128,50,100,1.0,1.0,1.0,0.28187625879236494,0.35826117073909686
family_stratified_random50_0129,50,100,1.0,1.0,1.0,0.4492021720591134,0.5501320001243776
family_stratified_random50_0130,50,100,1.0,1.0,1.0,0.40904463243648975,0.4738415093603275
family_stratified_random50_0131,50,100,1.0,1.0,1.0,0.35229637145581166,0.4053171776952981
family_stratified_random50_0132,50,100,1.0,1.0,1.0,0.7013784128256504,0.7231252087019934
family_stratified_random50_0133,50,100,1.0,1.0,1.0,0.25540691118592107,0.2913700807354212
family_stratified_random50_0134,50,100,1.0,1.0,1.0,0.6047872854646629,0.7253809949858405
family_stratified_random50_0135,50,100,1.0,1.0,1.0,0.4845638834227248,0.8148887012690692
family_stratified_random50_0136,50,100,1.0,1.0,1.0,0.16353880153883607,0.23371989239345198
family_stratified_random50_0137,50,100,1.0,1.0,1.0,0.43014080864856896,0.5557993041437177
family_stratified_random50_0138,50,100,1.0,1.0,1.0,0.3642381679142526,0.436137919974598
family_stratified_random50_0139,50,100,1.0,1.0,1.0,0.3586411274780402,0.4276537006797759
family_stratified_random50_0140,50,100,1.0,1.0,1.0,0.15441937093519653,0.17539747471778175
family_stratified_random50_0141,50,100,1.0,1.0,1.0,0.31921199496095165,0.3379742183301638
family_stratified_random50_0142,50,100,1.0,1.0,1.0,0.7271797406740653,0.8483940408487654
family_stratified_random50_0143,50,100,1.0,1.0,1.0,0.1808514341709368,0.19693014609729792
family_stratified_random50_0144,50,100,1.0,1.0,1.0,0.3691496257489028,0.43837332465946494
family_stratified_random50_0145,50,100,1.0,1.0,1.0,0.21062377593778864,0.27456362934857265
family_stratified_random50_0146,50,100,1.0,1.0,1.0,0.2297249840533028,0.307122467899557
family_stratified_random50_0147,50,100,1.0,1.0,1.0,0.34763151988798546,0.3835038005685345
family_stratified_random50_0148,50,100,1.0,1.0,1.0,0.2186841847114015,0.2768580002507367
family_stratified_random50_0149,50,100,1.0,1.0,1.0,0.4119639040508794,0.4925372686901133
family_stratified_random50_0150,50,100,1.0,1.0,1.0,0.3597097927442464,0.4300390589159484
family_stratified_random50_0151,50,100,1.0,1.0,1.0,0.24722403436875903,0.3495747885978698
family_stratified_random50_0152,50,100,1.0,1.0,1.0,0.21772665400825994,0.2743452102625247
family_stratified_random50_0153,50,100,1.0,1.0,1.0,0.2166773864871683,0.24953485810518222
family_stratified_random50_0154,50,100,1.0,1.0,1.0,0.18659419966241145,0.2307128007122206
family_stratified_random50_0155,50,100,1.0,1.0,1.0,0.19394682805866964,0.2477919161774572
family_stratified_random50_0156,50,100,1.0,1.0,1.0,0.40679855528845643,0.580172247472231
family_stratified_random50_0157,50,100,1.0,1.0,1.0,0.3010060214246007,0.3422217315214746
family_stratified_random50_0158,50,100,1.0,1.0,1.0,0.20989953126160302,0.2684676502162974
family_stratified_random50_0159,50,100,1.0,1.0,1.0,0.3862347144784283,0.4392633653550862
family_stratified_random50_0160,50,100,1.0,1.0,1.0,0.13849690981567098,0.1659372503515942
family_stratified_random50_0161,50,100,1.0,1.0,1.0,0.21482129918128753,0.30225091431900475
family_stratified_random50_0162,50,100,1.0,1.0,1.0,0.1339298919583764,0.16118928073236363
family_stratified_random50_0163,50,100,1.0,1.0,1.0,0.29778632823768564,0.3373517283951933
family_stratified_random50_0164,50,100,1.0,1.0,1.0,0.42905659314626066,0.48904671774287733
family_stratified_random50_0165,50,100,1.0,1.0,1.0,0.325699472299372,0.417445856065282
family_stratified_random50_0166,50,100,1.0,1.0,1.0,0.2573992641688891,0.3083339438579838
family_stratified_random50_0167,50,100,1.0,1.0,1.0,0.17116480539610016,0.2027466633113428
family_stratified_random50_0168,50,100,1.0,1.0,1.0,0.3850377341832664,0.4326393485340908
family_stratified_random50_0169,50,100,1.0,1.0,1.0,0.2820829016611243,0.3672818179406313
family_stratified_random50_0170,50,100,1.0,1.0,1.0,0.3154013144421086,0.4029573700789138
family_stratified_random50_0171,50,100,0.9642857142857143,0.9047619047619048,0.9523809523809523,0.5173223069560426,0.6538396666135068
family_stratified_random50_0172,50,100,1.0,1.0,1.0,0.6123814561839732,0.8665405659439709
family_stratified_random50_0173,50,100,1.0,1.0,1.0,0.5496350355174162,0.6412757875664521
family_stratified_random50_0174,50,100,1.0,1.0,1.0,0.4072999807044639,0.46711212087818266
family_stratified_random50_0175,50,100,1.0,1.0,1.0,0.4671018575717611,0.5437005129260024
family_stratified_random50_0176,50,100,1.0,1.0,1.0,0.590732254660914,0.7180229198062693
family_stratified_random50_0177,50,100,1.0,1.0,1.0,0.16521287405460355,0.22434674701592142
family_stratified_random50_0178,50,100,1.0,1.0,1.0,0.1972469155161022,0.2320197319169524
family_stratified_random50_0179,50,100,1.0,1.0,1.0,0.1760785060949372,0.21510526495919952
family_stratified_random50_0180,50,100,1.0,1.0,1.0,0.4912034282101486,0.5785881105331656
family_stratified_random50_0181,50,100,1.0,1.0,1.0,0.3406951108502931,0.4005996859166926
family_stratified_random50_0182,50,100,1.0,1.0,1.0,0.47251216220264924,0.510410405548661
family_stratified_random50_0183,50,100,1.0,1.0,1.0,0.28471727978653244,0.2975321744817284
family_stratified_random50_0184,50,100,1.0,1.0,1.0,0.4964971856944052,0.5893644825845131
family_stratified_random50_0185,50,100,1.0,1.0,1.0,0.5543151096659314,0.6077399164367701
family_stratified_random50_0186,50,100,1.0,1.0,1.0,0.12390086726011659,0.1448552232668772
family_stratified_random50_0187,50,100,1.0,1.0,1.0,0.1651811367223297,0.193541901329182
family_stratified_random50_0188,50,100,1.0,1.0,1.0,0.29836438052854386,0.419398399457212
family_stratified_random50_0189,50,100,0.9642857142857143,0.9047619047619048,0.9523809523809523,0.5051431550210091,0.6090833601584206
family_stratified_random50_0190,50,100,1.0,1.0,1.0,0.452245944216011,0.6137326743212321
family_stratified_random50_0191,50,100,1.0,1.0,1.0,0.43051222275264295,0.4703322860057363
family_stratified_random50_0192,50,100,1.0,1.0,1.0,0.42068684671454254,0.4617316835609258
family_stratified_random50_0193,50,100,1.0,1.0,1.0,0.33764885691289076,0.4149339577671537
family_stratified_random50_0194,50,100,1.0,1.0,1.0,0.2584141454626562,0.326873024885561
family_stratified_random50_0195,50,100,1.0,1.0,1.0,0.264079776963128,0.2904664239792478
family_stratified_random50_0196,50,100,0.9642857142857143,0.9047619047619048,0.9523809523809523,0.24710323819057872,0.3492016329205043
family_stratified_random50_0197,50,100,1.0,1.0,1.0,0.28331143492078326,0.3438388196831162
family_stratified_random50_0198,50,100,1.0,1.0,1.0,0.314826075189719,0.40118503897368885
family_stratified_random50_0199,50,100,1.0,1.0,1.0,0.4264478974815077,0.47472452925424435
family_stratified_random50_0200,50,100,1.0,1.0,1.0,0.4219282075038734,0.5801796052277021
family_stratified_random50_0201,50,100,1.0,1.0,1.0,0.21549157727831275,0.3093380160137846
family_stratified_random50_0202,50,100,1.0,1.0,1.0,0.22164399098527726,0.2710626039898103
family_stratified_random50_0203,50,100,1.0,1.0,1.0,0.3032267973156215,0.38394856101738545
family_stratified_random50_0204,50,100,1.0,1.0,1.0,0.5174695099110957,0.7847521364451475
family_stratified_random50_0205,50,100,1.0,1.0,1.0,0.35819955672542386,0.4275820644518306
family_stratified_random50_0206,50,100,1.0,1.0,1.0,0.5284323255966521,0.6821694146617708
family_stratified_random50_0207,50,100,1.0,1.0,1.0,0.29757943757890576,0.3612675962439219
family_stratified_random50_0208,50,100,1.0,1.0,1.0,0.40931794242658065,0.4922974579723442
family_stratified_random50_0209,50,100,1.0,1.0,1.0,0.3286392555521636,0.39813826251319534
family_stratified_random50_0210,50,100,1.0,1.0,1.0,0.400044275125534,0.5177977485811182
family_stratified_random50_0211,50,100,1.0,1.0,1.0,0.4372232745109573,0.6752211727738473
family_stratified_random50_0212,50,100,1.0,1.0,1.0,0.4423831234318978,0.7070784455500285
family_stratified_random50_0213,50,100,1.0,1.0,1.0,0.4256102069598352,0.4740298635443983
family_stratified_random50_0214,50,100,1.0,1.0,1.0,0.2744202375321641,0.3334878823368853
family_stratified_random50_0215,50,100,1.0,1.0,1.0,0.5666718927430696,0.7559969674178573
family_stratified_random50_0216,50,100,1.0,1.0,1.0,0.461635604861728,0.5448287543346076
family_stratified_random50_0217,50,100,1.0,1.0,1.0,0.2831653932612514,0.4322073223902267
family_stratified_random50_0218,50,100,1.0,1.0,1.0,0.35378423985755164,0.41936960296656206
family_stratified_random50_0219,50,100,1.0,1.0,1.0,0.6468172270717691,0.6982009502758092
family_stratified_random50_0220,50,100,1.0,1.0,1.0,0.20951868350180175,0.251922082853633
family_stratified_random50_0221,50,100,1.0,1.0,1.0,0.21513389816689116,0.2295743052699492
family_stratified_random50_0222,50,100,0.9642857142857143,0.9047619047619048,0.9523809523809523,0.2886572553077158,0.3970277863744372
family_stratified_random50_0223,50,100,1.0,1.0,1.0,0.4750959213344734,0.5862639580644213
family_stratified_random50_0224,50,100,1.0,1.0,1.0,0.4420705769060131,0.6081031823450642
family_stratified_random50_0225,50,100,1.0,1.0,1.0,0.3066881311377459,0.45690743806735484
family_stratified_random50_0226,50,100,1.0,1.0,1.0,0.41460078093967323,0.5084769323761991
family_stratified_random50_0227,50,100,1.0,1.0,1.0,0.2615218804097492,0.34121442941852637
family_stratified_random50_0228,50,100,1.0,1.0,1.0,0.1147976109919611,0.13880370814136647
family_stratified_random50_0229,50,100,1.0,1.0,1.0,0.24707131321664397,0.3289616601064681
family_stratified_random50_0230,50,100,1.0,1.0,1.0,0.733133415071413,0.896908464493538
family_stratified_random50_0231,50,100,1.0,1.0,1.0,0.4240747354371942,0.49588823950708716
family_stratified_random50_0232,50,100,1.0,1.0,1.0,0.353699042134531,0.5109297002423483
family_stratified_random50_0233,50,100,1.0,1.0,1.0,0.3753827824672957,0.4245446440183182
family_stratified_random50_0234,50,100,1.0,1.0,1.0,0.3916920902819524,0.4151883744972893
family_stratified_random50_0235,50,100,0.9642857142857143,0.9047619047619048,0.9523809523809523,0.31638761596554066,0.3940954631433357
family_stratified_random50_0236,50,100,1.0,1.0,1.0,0.2604282889676497,0.3377325516531273
family_stratified_random50_0237,50,100,1.0,1.0,1.0,0.711273758055276,0.8147059254092021
family_stratified_random50_0238,50,100,1.0,1.0,1.0,0.36594670337198437,0.41435057952615834
family_stratified_random50_0239,50,100,1.0,1.0,1.0,0.2767510863433205,0.29488842250614555
family_stratified_random50_0240,50,100,1.0,1.0,1.0,0.24814694570423296,0.32221148909290737
family_stratified_random50_0241,50,100,1.0,1.0,1.0,0.20336529833511383,0.2666904767861436
family_stratified_random50_0242,50,100,1.0,1.0,1.0,0.38511390737709666,0.4765624854586023
family_stratified_random50_0243,50,100,1.0,1.0,1.0,0.21565503396668637,0.23371610143282373
family_stratified_random50_0244,50,100,1.0,1.0,1.0,0.5288111960297378,0.6486195402359228
family_stratified_random50_0245,50,100,1.0,1.0,1.0,0.4579503948954698,0.5023669303944277
family_stratified_random50_0246,50,100,1.0,1.0,1.0,0.44009034462049973,0.4769431931170508
family_stratified_random50_0247,50,100,1.0,1.0,1.0,0.35962963616996074,0.46170098339322807
family_stratified_random50_0248,50,100,1.0,1.0,1.0,0.2474216538440054,0.3585279413254866
family_stratified_random50_0249,50,100,1.0,1.0,1.0,0.12195294856837272,0.1809307232934204
family_stratified_random50_0250,50,100,1.0,1.0,1.0,0.325098607361057,0.4323886879026078
family_stratified_random50_0251,50,100,1.0,1.0,1.0,0.5972894461355547,0.6874900200033448
family_stratified_random50_0252,50,100,1.0,1.0,1.0,0.14591473055255447,0.16725649243613266
family_stratified_random50_0253,50,100,1.0,1.0,1.0,0.2972224026781972,0.3661899781873524
family_stratified_random50_0254,50,100,1.0,1.0,1.0,0.6045795000955627,0.6423513935676993
family_stratified_random50_0255,50,100,1.0,1.0,1.0,0.19927487614929745,0.33688716101124755
family_stratified_random50_0256,50,100,1.0,1.0,1.0,0.4201706245769954,0.6610788484763691
family_stratified_random50_0257,50,100,1.0,1.0,1.0,0.30754434575887113,0.35944096736106557
family_stratified_random50_0258,50,100,1.0,1.0,1.0,0.29339678457784296,0.3242229298893347
family_stratified_random50_0259,50,100,1.0,1.0,1.0,0.42932588377861747,0.4919420498952444
family_stratified_random50_0260,50,100,1.0,1.0,1.0,0.3217531429761579,0.34680156361641623
family_stratified_random50_0261,50,100,1.0,1.0,1.0,0.2152830444440895,0.27798346485830616
family_stratified_random50_0262,50,100,1.0,1.0,1.0,0.18897969641670567,0.28305513380856007
family_stratified_random50_0263,50,100,1.0,1.0,1.0,0.1979089370968223,0.24123077114144004
family_stratified_random50_0264,50,100,1.0,1.0,1.0,0.377601938510923,0.4811508618391299
family_stratified_random50_0265,50,100,1.0,1.0,1.0,0.2953566176619773,0.3289450880108953
family_stratified_random50_0266,50,100,0.9642857142857143,0.9047619047619048,0.9523809523809523,0.40220349783791703,0.47750366937706534
family_stratified_random50_0267,50,100,1.0,1.0,1.0,0.40025548020324087,0.4359933752694119
family_stratified_random50_0268,50,100,1.0,1.0,1.0,0.2731828583904027,0.352508821551337
family_stratified_random50_0269,50,100,1.0,1.0,1.0,0.2918564379675988,0.35690533215104414
family_stratified_random50_0270,50,100,1.0,1.0,1.0,0.3080228366805614,0.5741778474711333
family_stratified_random50_0271,50,100,1.0,1.0,1.0,0.2014168107372176,0.2653783266428763
family_stratified_random50_0272,50,100,1.0,1.0,1.0,0.21253994230711828,0.2695724094299603
family_stratified_random50_0273,50,100,1.0,1.0,1.0,0.4528641674729822,0.5077583133850225
family_stratified_random50_0274,50,100,1.0,1.0,1.0,0.7231062496445119,0.807848984270448
family_stratified_random50_0275,50,100,1.0,1.0,1.0,0.32016417022159643,0.391668534200226
family_stratified_random50_0276,50,100,1.0,1.0,1.0,0.1631008825521235,0.20362347998510835
family_stratified_random50_0277,50,100,1.0,1.0,1.0,0.31823616976319075,0.3814689150591887
family_stratified_random50_0278,50,100,1.0,1.0,1.0,0.17500431983133866,0.23322302058994218
family_stratified_random50_0279,50,100,1.0,1.0,1.0,0.21273881286344618,0.31315129132582126
family_stratified_random50_0280,50,100,1.0,1.0,1.0,0.42448031606330194,0.49194535531692773
family_stratified_random50_0281,50,100,1.0,1.0,1.0,0.33699453862809414,0.4604489490591112
family_stratified_random50_0282,50,100,1.0,1.0,1.0,0.40753530383216163,0.5581797625846823
family_stratified_random50_0283,50,100,1.0,1.0,1.0,0.2948805271415273,0.32455467311060754
family_stratified_random50_0284,50,100,1.0,1.0,1.0,0.2523609403494202,0.26937641228630077
family_stratified_random50_0285,50,100,1.0,1.0,1.0,0.32808859312719607,0.4029379763850457
family_stratified_random50_0286,50,100,1.0,1.0,1.0,0.4742973043346281,0.5753557907753095
family_stratified_random50_0287,50,100,1.0,1.0,1.0,0.3430833603528296,0.37519881633318647
family_stratified_random50_0288,50,100,1.0,1.0,1.0,0.6325936033789923,0.8325473161290757
family_stratified_random50_0289,50,100,1.0,1.0,1.0,0.39111845570996967,0.5040765114956065
family_stratified_random50_0290,50,100,1.0,1.0,1.0,0.4865292514652418,0.5007745514080336
family_stratified_random50_0291,50,100,1.0,1.0,1.0,0.16762010589467344,0.20011378568665975
family_stratified_random50_0292,50,100,1.0,1.0,1.0,0.264144624884166,0.3042870030278863
family_stratified_random50_0293,50,100,1.0,1.0,1.0,0.311446010759028,0.336960855701675
family_stratified_random50_0294,50,100,1.0,1.0,1.0,0.15644920581103944,0.18035503570326822
family_stratified_random50_0295,50,100,1.0,1.0,1.0,0.45808295982054714,0.6276447273971556
family_stratified_random50_0296,50,100,1.0,1.0,1.0,0.25682203148329963,0.31567041644353266
family_stratified_random50_0297,50,100,1.0,1.0,1.0,0.37097654291997895,0.4791705881921529
family_stratified_random50_0298,50,100,1.0,1.0,1.0,0.3457825839463143,0.4467395321401674
family_stratified_random50_0299,50,100,1.0,1.0,1.0,0.34995458318341793,0.4314344680968126
family_stratified_random50_0300,50,100,1.0,1.0,1.0,0.30924111215888517,0.3680593131191063
family_stratified_random50_0301,50,100,1.0,1.0,1.0,0.38835648948517776,0.43747358670088793
family_stratified_random50_0302,50,100,1.0,1.0,1.0,0.3908195361680179,0.4792680421003926
family_stratified_random50_0303,50,100,1.0,1.0,1.0,0.33056866845848537,0.359526315951944
family_stratified_random50_0304,50,100,1.0,1.0,1.0,0.22222171020399023,0.3071210545593357
family_stratified_random50_0305,50,100,1.0,1.0,1.0,0.3961044579837424,0.5154244832384163
family_stratified_random50_0306,50,100,1.0,1.0,1.0,0.35156228182857663,0.4634842894191012
family_stratified_random50_0307,50,100,1.0,1.0,1.0,0.1862922665218322,0.22271016535048188
family_stratified_random50_0308,50,100,1.0,1.0,1.0,0.353810197490928,0.40961459386634985
family_stratified_random50_0309,50,100,1.0,1.0,1.0,0.28265331984778896,0.43575390494948474
family_stratified_random50_0310,50,100,1.0,1.0,1.0,0.17799322737721612,0.21924837650039722
family_stratified_random50_0311,50,100,1.0,1.0,1.0,0.35103736337307756,0.3855574740532347
family_stratified_random50_0312,50,100,1.0,1.0,1.0,0.3403426701812539,0.4508483793862534
family_stratified_random50_0313,50,100,1.0,1.0,1.0,0.27711837938048195,0.34572402098871813
family_stratified_random50_0314,50,100,1.0,1.0,1.0,0.26851080979664804,0.29931893760826384
family_stratified_random50_0315,50,100,1.0,1.0,1.0,0.1968942613747282,0.23568451524474435
family_stratified_random50_0316,50,100,1.0,1.0,1.0,0.24336158363125607,0.2669825070232225
family_stratified_random50_0317,50,100,1.0,1.0,1.0,0.24047435163039133,0.2884396378214353
family_stratified_random50_0318,50,100,0.9642857142857143,0.9047619047619048,0.9523809523809523,0.3905195728421104,0.5455631239994063
family_stratified_random50_0319,50,100,1.0,1.0,1.0,0.3444204603933502,0.4046942581413632
family_stratified_random50_0320,50,100,1.0,1.0,1.0,0.38777405633077805,0.49191705992204565
family_stratified_random50_0321,50,100,1.0,1.0,1.0,0.2849664387870658,0.3776726364255119
family_stratified_random50_0322,50,100,1.0,1.0,1.0,0.4732341114311962,0.6623430938644961
family_stratified_random50_0323,50,100,1.0,1.0,1.0,0.36439453992216636,0.40969272022896
family_stratified_random50_0324,50,100,1.0,1.0,1.0,0.20930566418028404,0.3014449574368771
family_stratified_random50_0325,50,100,1.0,1.0,1.0,0.2769575275207683,0.3969917167654444
family_stratified_random50_0326,50,100,1.0,1.0,1.0,0.24700959582571072,0.3173744710820307
family_stratified_random50_0327,50,100,1.0,1.0,1.0,0.1189719003604249,0.13579671952740222
family_stratified_random50_0328,50,100,1.0,1.0,1.0,0.319269986156266,0.36506505243268655
family_stratified_random50_0329,50,100,1.0,1.0,1.0,0.2811844426911672,0.4406456232577994
family_stratified_random50_0330,50,100,1.0,1.0,1.0,0.5965523547627402,0.6704412583887742
family_stratified_random50_0331,50,100,1.0,1.0,1.0,0.5368761574577997,0.8288134978073018
family_stratified_random50_0332,50,100,1.0,1.0,1.0,0.3267941962637963,0.34980935523317586
family_stratified_random50_0333,50,100,1.0,1.0,1.0,0.42075174754576794,0.6081450334873436
family_stratified_random50_0334,50,100,1.0,1.0,1.0,0.5469285025691973,0.643739154761795
family_stratified_random50_0335,50,100,1.0,1.0,1.0,0.20803499272404788,0.24739381035130886
family_stratified_random50_0336,50,100,1.0,1.0,1.0,0.2251748330583834,0.27872986810594635
family_stratified_random50_0337,50,100,1.0,1.0,1.0,0.4457581050694267,0.4890633099002622
family_stratified_random50_0338,50,100,1.0,1.0,1.0,0.22666161245237929,0.26333641318823897
family_stratified_random50_0339,50,100,1.0,1.0,1.0,0.14071799062227505,0.15398404781818906
family_stratified_random50_0340,50,100,1.0,1.0,1.0,0.30688843239589186,0.40329211529731435
family_stratified_random50_0341,50,100,1.0,1.0,1.0,0.5845200967975739,0.6498445894774946
family_stratified_random50_0342,50,100,1.0,1.0,1.0,0.21422828009614409,0.2569070009719614
family_stratified_random50_0343,50,100,1.0,1.0,1.0,0.5205124227460123,0.5726594700496268
family_stratified_random50_0344,50,100,1.0,1.0,1.0,0.42787957849585023,0.4849481458993509
family_stratified_random50_0345,50,100,1.0,1.0,1.0,0.34917933888231145,0.43671640008178203
family_stratified_random50_0346,50,100,1.0,1.0,1.0,0.2604206183365433,0.3435654061463974
family_stratified_random50_0347,50,100,1.0,1.0,1.0,0.41254494771373246,0.47557670582643125
family_stratified_random50_0348,50,100,1.0,1.0,1.0,0.6683439372284005,0.760760243301805
family_stratified_random50_0349,50,100,1.0,1.0,1.0,0.3826634475737338,0.4904049458326487
family_stratified_random50_0350,50,100,1.0,1.0,1.0,0.3062239238480999,0.35895691916670763
family_stratified_random50_0351,50,100,1.0,1.0,1.0,0.42391386862445735,0.6591043591875279
family_stratified_random50_0352,50,100,1.0,1.0,1.0,0.16404441749042295,0.2632755185313879
family_stratified_random50_0353,50,100,1.0,1.0,1.0,0.29520621621998944,0.3486829185974151
family_stratified_random50_0354,50,100,1.0,1.0,1.0,0.3452365999535594,0.44583255659126153
family_stratified_random50_0355,50,100,1.0,1.0,1.0,0.6114251906482498,0.892440395233064
family_stratified_random50_0356,50,100,1.0,1.0,1.0,0.436208236845843,0.5129023169429056
family_stratified_random50_0357,50,100,1.0,1.0,1.0,0.33838880630490864,0.37363771217992764
family_stratified_random50_0358,50,100,1.0,1.0,1.0,0.3046601336981607,0.35148045243609227
family_stratified_random50_0359,50,100,1.0,1.0,1.0,0.09137831628758639,0.09444497906264143
family_stratified_random50_0360,50,100,1.0,1.0,1.0,0.4979054514234385,0.6095172902839519
family_stratified_random50_0361,50,100,1.0,1.0,1.0,0.2872162332135903,0.3326642321471847
family_stratified_random50_0362,50,100,1.0,1.0,1.0,0.3666630092925413,0.42307982841134
family_stratified_random50_0363,50,100,1.0,1.0,1.0,0.20628521230158745,0.26421171808475724
family_stratified_random50_0364,50,100,1.0,1.0,1.0,0.3199172698035513,0.5084501542809361
family_stratified_random50_0365,50,100,1.0,1.0,1.0,0.3102632162750931,0.3503315628785694
family_stratified_random50_0366,50,100,1.0,1.0,1.0,0.47288338944993263,0.6097054971772924
family_stratified_random50_0367,50,100,1.0,1.0,1.0,0.25911331141433586,0.4105254303272829
family_stratified_random50_0368,50,100,1.0,1.0,1.0,0.37524834419266984,0.4555793553953514
family_stratified_random50_0369,50,100,1.0,1.0,1.0,0.23613147120102485,0.30285155093521987
family_stratified_random50_0370,50,100,0.9642857142857143,0.9047619047619048,0.9523809523809523,0.42318383589292125,0.5880094581728754
family_stratified_random50_0371,50,100,1.0,1.0,1.0,0.23926829404845792,0.3227548304229281
family_stratified_random50_0372,50,100,1.0,1.0,1.0,0.35090496377755637,0.39800408565359696
family_stratified_random50_0373,50,100,1.0,1.0,1.0,0.258668683690361,0.35662021371259367
family_stratified_random50_0374,50,100,1.0,1.0,1.0,0.5659087572747377,0.6437787753871788
family_stratified_random50_0375,50,100,1.0,1.0,1.0,0.5256315933581621,0.5906169881401764
family_stratified_random50_0376,50,100,1.0,1.0,1.0,0.2913176305896174,0.34125247916522683
family_stratified_random50_0377,50,100,1.0,1.0,1.0,0.27203403790875985,0.3224246148503728
family_stratified_random50_0378,50,100,1.0,1.0,1.0,0.45999227708130164,0.5186613238736673
family_stratified_random50_0379,50,100,1.0,1.0,1.0,0.3873842288369284,0.5319269610893844
family_stratified_random50_0380,50,100,1.0,1.0,1.0,0.24770369373316897,0.2814198500081133
family_stratified_random50_0381,50,100,1.0,1.0,1.0,0.40097923104649325,0.48905414930663477
family_stratified_random50_0382,50,100,1.0,1.0,1.0,0.4682848223785571,0.5532600570554758
family_stratified_random50_0383,50,100,1.0,1.0,1.0,0.29400932830138715,0.32454348694613666
family_stratified_random50_0384,50,100,1.0,1.0,1.0,0.32433922702919055,0.5553995147538343
family_stratified_random50_0385,50,100,1.0,1.0,1.0,0.45755489656885956,0.5836441985428549
family_stratified_random50_0386,50,100,1.0,1.0,1.0,0.3511755366058801,0.45943453604696766
family_stratified_random50_0387,50,100,0.9642857142857143,0.9047619047619048,0.9523809523809523,0.3221981075865336,0.39379091345547457
family_stratified_random50_0388,50,100,1.0,1.0,1.0,0.22630794195895426,0.2665894151936773
family_stratified_random50_0389,50,100,1.0,1.0,1.0,0.2973921753524845,0.38732949865779315
family_stratified_random50_0390,50,100,1.0,1.0,1.0,0.35813040820407327,0.4527454589957513
family_stratified_random50_0391,50,100,1.0,1.0,1.0,0.4042661455423811,0.5247746021564499
family_stratified_random50_0392,50,100,1.0,1.0,1.0,0.7170728252842873,0.8406302836298065
family_stratified_random50_0393,50,100,1.0,1.0,1.0,0.22678789612660702,0.29220970672423036
family_stratified_random50_0394,50,100,0.9642857142857143,0.9047619047619048,0.9523809523809523,0.6586765392405601,0.7606740156545714
family_stratified_random50_0395,50,100,1.0,1.0,1.0,0.23384935449444955,0.3467077004666842
family_stratified_random50_0396,50,100,1.0,1.0,1.0,0.4542216756338331,0.6224315944875727
family_stratified_random50_0397,50,100,1.0,1.0,1.0,0.36045300310325856,0.3976690421863722
family_stratified_random50_0398,50,100,1.0,1.0,1.0,0.4615302505379722,0.5953962595975106
family_stratified_random50_0399,50,100,1.0,1.0,1.0,0.21335840012245205,0.2749342606828482
family_stratified_random50_0400,50,100,1.0,1.0,1.0,0.46002843235817914,0.5645416135147542
family_stratified_random50_0401,50,100,1.0,1.0,1.0,0.4119644023907361,0.681743788909628
family_stratified_random50_0402,50,100,1.0,1.0,1.0,0.6089905658536923,0.7293938140478059
family_stratified_random50_0403,50,100,1.0,1.0,1.0,0.39081737945072675,0.4832562870545013
family_stratified_random50_0404,50,100,1.0,1.0,1.0,0.4093585791454422,0.4592684220517664
family_stratified_random50_0405,50,100,1.0,1.0,1.0,0.3029079808780109,0.3562065437465005
family_stratified_random50_0406,50,100,1.0,1.0,1.0,0.713357796155464,0.8028469055411863
family_stratified_random50_0407,50,100,1.0,1.0,1.0,0.29393936044351415,0.32948656010729455
family_stratified_random50_0408,50,100,1.0,1.0,1.0,0.1073046730979821,0.12439071433819221
family_stratified_random50_0409,50,100,1.0,1.0,1.0,0.49316809186414706,0.7272826356891136
family_stratified_random50_0410,50,100,0.9642857142857143,0.9047619047619048,0.9523809523809523,0.5822843910977963,0.6171336125058547
family_stratified_random50_0411,50,100,1.0,1.0,1.0,0.4526111447839724,0.5899805073075703
family_stratified_random50_0412,50,100,1.0,1.0,1.0,0.4228471318797989,0.48771875459473424
family_stratified_random50_0413,50,100,1.0,1.0,1.0,0.3702661523079694,0.4779600132875996
family_stratified_random50_0414,50,100,1.0,1.0,1.0,0.44412599812559844,0.5421467014389142
family_stratified_random50_0415,50,100,1.0,1.0,1.0,0.4490056633386637,0.5298779615957399
family_stratified_random50_0416,50,100,1.0,1.0,1.0,0.48036742376358293,0.608438734631684
family_stratified_random50_0417,50,100,1.0,1.0,1.0,0.20797288502688155,0.22680789085018227
family_stratified_random50_0418,50,100,1.0,1.0,1.0,0.13264130009440275,0.28375982473509925
family_stratified_random50_0419,50,100,1.0,1.0,1.0,0.1250682477528839,0.16177004392939479
family_stratified_random50_0420,50,100,1.0,1.0,1.0,0.5911997092156384,0.744111194084713
family_stratified_random50_0421,50,100,1.0,1.0,1.0,0.08738060147745355,0.09962955470179923
family_stratified_random50_0422,50,100,1.0,1.0,1.0,0.33074330925185563,0.41795381445117036
family_stratified_random50_0423,50,100,1.0,1.0,1.0,0.5369586696476002,0.6049186839176952
family_stratified_random50_0424,50,100,1.0,1.0,1.0,0.1345745757912577,0.16515467613255924
family_stratified_random50_0425,50,100,1.0,1.0,1.0,0.461591269719488,0.5099437289016545
family_stratified_random50_0426,50,100,1.0,1.0,1.0,0.37317046851604857,0.46442283849941834
family_stratified_random50_0427,50,100,1.0,1.0,1.0,0.26460927531367506,0.32737411964244756
family_stratified_random50_0428,50,100,1.0,1.0,1.0,0.39981860213571474,0.43498710479304653
family_stratified_random50_0429,50,100,1.0,1.0,1.0,0.23438086910761718,0.3733859464349198
family_stratified_random50_0430,50,100,1.0,1.0,1.0,0.17835132284968505,0.23090438840331923
family_stratified_random50_0431,50,100,1.0,1.0,1.0,0.44432701491131393,0.5370355739307103
family_stratified_random50_0432,50,100,1.0,1.0,1.0,0.5133241647093959,0.5773833907480002
family_stratified_random50_0433,50,100,1.0,1.0,1.0,0.3462820240638229,0.412729063730239
family_stratified_random50_0434,50,100,1.0,1.0,1.0,0.14861471927622255,0.19990002853641414
family_stratified_random50_0435,50,100,1.0,1.0,1.0,0.3499693795053844,0.4409408977654127
family_stratified_random50_0436,50,100,1.0,1.0,1.0,0.349408631166183,0.3972762168610207
family_stratified_random50_0437,50,100,1.0,1.0,1.0,0.28605011708030303,0.38528251385801016
family_stratified_random50_0438,50,100,1.0,1.0,1.0,0.23009507987320546,0.2716877666797196
family_stratified_random50_0439,50,100,1.0,1.0,1.0,0.38536716555708245,0.4598663372111085
family_stratified_random50_0440,50,100,1.0,1.0,1.0,0.36788316504993546,0.5103126335128567
family_stratified_random50_0441,50,100,1.0,1.0,1.0,0.4536027015952286,0.5058913087860312
family_stratified_random50_0442,50,100,1.0,1.0,1.0,0.4055308183037838,0.4298056288809396
family_stratified_random50_0443,50,100,1.0,1.0,1.0,0.24106604544529914,0.2632063924820557
family_stratified_random50_0444,50,100,1.0,1.0,1.0,0.18818416342507863,0.24325662067304682
family_stratified_random50_0445,50,100,0.9285714285714286,0.8095238095238095,0.9047619047619048,0.6570612342689865,0.8716880625226929
family_stratified_random50_0446,50,100,1.0,1.0,1.0,0.5576530806425093,0.587822732269749
family_stratified_random50_0447,50,100,1.0,1.0,1.0,0.40261999163878764,0.49312989759502984
family_stratified_random50_0448,50,100,1.0,1.0,1.0,0.41195149320116603,0.45445173856497406
family_stratified_random50_0449,50,100,1.0,1.0,1.0,0.3576481849645805,0.47228834374212647
family_stratified_random50_0450,50,100,1.0,1.0,1.0,0.24801199782787328,0.3600200977443547
family_stratified_random50_0451,50,100,1.0,1.0,1.0,0.22531924829787672,0.24067809881680893
family_stratified_random50_0452,50,100,1.0,1.0,1.0,0.24780146680657225,0.41837640307416224
family_stratified_random50_0453,50,100,1.0,1.0,1.0,0.39136202520842406,0.4628667223646228
family_stratified_random50_0454,50,100,1.0,1.0,1.0,0.1980332592495294,0.230700537912836
family_stratified_random50_0455,50,100,1.0,1.0,1.0,0.47866773201637175,0.5197792914243138
family_stratified_random50_0456,50,100,1.0,1.0,1.0,0.22280686717399348,0.24576622821216992
family_stratified_random50_0457,50,100,1.0,1.0,1.0,0.30095588843066784,0.3474135042082763
family_stratified_random50_0458,50,100,1.0,1.0,1.0,0.3990442348632778,0.41661695197569343
family_stratified_random50_0459,50,100,1.0,1.0,1.0,0.21818617299485826,0.2286977776476691
family_stratified_random50_0460,50,100,0.9642857142857143,0.9047619047619048,0.9523809523809523,0.3539944248109703,0.44868442301914446
family_stratified_random50_0461,50,100,1.0,1.0,1.0,0.4220970772835211,0.5994486536154988
family_stratified_random50_0462,50,100,1.0,1.0,1.0,0.455640592303388,0.6013057731959612
family_stratified_random50_0463,50,100,1.0,1.0,1.0,0.1423748027004196,0.17088943426137165
family_stratified_random50_0464,50,100,1.0,1.0,1.0,0.14783306477813346,0.22881056236036698
family_stratified_random50_0465,50,100,1.0,1.0,1.0,0.34604504443945383,0.3539345167254122
family_stratified_random50_0466,50,100,1.0,1.0,1.0,0.45583690000686095,0.5559535684867365
family_stratified_random50_0467,50,100,1.0,1.0,1.0,0.5242780846524532,0.5875639146992928
family_stratified_random50_0468,50,100,1.0,1.0,1.0,0.2037139935161848,0.25234085996939154
family_stratified_random50_0469,50,100,1.0,1.0,1.0,0.2846454375243698,0.332956985282557
family_stratified_random50_0470,50,100,1.0,1.0,1.0,0.48564440654414204,0.5010409971344115
family_stratified_random50_0471,50,100,1.0,1.0,1.0,0.2553364359856105,0.29666246088873904
family_stratified_random50_0472,50,100,1.0,1.0,1.0,0.5271897240893144,0.5681213411814102
family_stratified_random50_0473,50,100,1.0,1.0,1.0,0.26451143977362845,0.29252841520572587
family_stratified_random50_0474,50,100,1.0,1.0,1.0,0.3246935976306281,0.4092103609576928
family_stratified_random50_0475,50,100,1.0,1.0,1.0,0.2761551940761424,0.31541367010466154
family_stratified_random50_0476,50,100,1.0,1.0,1.0,0.35335262511132487,0.3840540193371603
family_stratified_random50_0477,50,100,1.0,1.0,1.0,0.41352510815577115,0.5124557203455229
family_stratified_random50_0478,50,100,1.0,1.0,1.0,0.4746356289035451,0.5189716121785771
family_stratified_random50_0479,50,100,1.0,1.0,1.0,0.27483833536912844,0.355316152827497
family_stratified_random50_0480,50,100,1.0,1.0,1.0,0.20778314280647328,0.23538354032726508
family_stratified_random50_0481,50,100,1.0,1.0,1.0,0.3291275493601868,0.4190255293889999
family_stratified_random50_0482,50,100,1.0,1.0,1.0,0.2748200041183089,0.371704206935518
family_stratified_random50_0483,50,100,1.0,1.0,1.0,0.4442377708723183,0.4886262067662393
family_stratified_random50_0484,50,100,1.0,1.0,1.0,0.27639275214463255,0.3026747285800851
family_stratified_random50_0485,50,100,1.0,1.0,1.0,0.4899342954339616,0.5353115010871822
family_stratified_random50_0486,50,100,1.0,1.0,1.0,0.4818296619509327,0.5934919953267076
family_stratified_random50_0487,50,100,1.0,1.0,1.0,0.31936068574360665,0.33409916415231306
family_stratified_random50_0488,50,100,1.0,1.0,1.0,0.27817385957473645,0.375357397461748
family_stratified_random50_0489,50,100,1.0,1.0,1.0,0.17318650425764337,0.23207269978786427
family_stratified_random50_0490,50,100,1.0,1.0,1.0,0.43152670857032926,0.5063558525434967
family_stratified_random50_0491,50,100,1.0,1.0,1.0,0.4889517620863467,0.5213671929260582
family_stratified_random50_0492,50,100,1.0,1.0,1.0,0.6372787219163308,0.6660662405776534
family_stratified_random50_0493,50,100,1.0,1.0,1.0,0.47815016160626833,0.5077376651451385
family_stratified_random50_0494,50,100,1.0,1.0,1.0,0.26011857920882014,0.3777601126961929
family_stratified_random50_0495,50,100,1.0,1.0,1.0,0.47605651182443665,0.5706006907614172
family_stratified_random50_0496,50,100,1.0,1.0,1.0,0.29160492831026885,0.34652755060729956
family_stratified_random50_0497,50,100,1.0,1.0,1.0,0.3104114327849323,0.36631011958815324
family_stratified_random50_0498,50,100,1.0,1.0,1.0,0.25998890959958926,0.35987552603834205
family_stratified_random50_0499,50,100,1.0,1.0,1.0,0.4077876461704889,0.5103398009205602
family_stratified_random50_0500,50,100,1.0,1.0,1.0,0.4017666140193693,0.46835057378858996
family_stratified_random50_0501,50,100,1.0,1.0,1.0,0.33268995964117276,0.37359752531739965
family_stratified_random50_0502,50,100,1.0,1.0,1.0,0.1619111549133335,0.19510694700909853
family_stratified_random50_0503,50,100,1.0,1.0,1.0,0.502327961372261,0.6550443439018938
family_stratified_random50_0504,50,100,1.0,1.0,1.0,0.3284682193144922,0.3877571470334346
family_stratified_random50_0505,50,100,1.0,1.0,1.0,0.697883697483911,0.7383307342449836
family_stratified_random50_0506,50,100,1.0,1.0,1.0,0.7601654545600078,0.9454381085477411
family_stratified_random50_0507,50,100,1.0,1.0,1.0,0.3875906039840992,0.5122896090380709
family_stratified_random50_0508,50,100,1.0,1.0,1.0,0.822328854484242,0.8895964786425886
family_stratified_random50_0509,50,100,1.0,1.0,1.0,0.2957864478962596,0.3530771806451489
family_stratified_random50_0510,50,100,1.0,1.0,1.0,0.6792842107033147,0.7709614847655932
family_stratified_random50_0511,50,100,1.0,1.0,1.0,0.30714268985849996,0.3844574538286479
family_stratified_random50_0512,50,100,1.0,1.0,1.0,0.19308925312074657,0.25613873400267617
family_stratified_random50_0513,50,100,1.0,1.0,1.0,0.45420503322624567,0.4870698865577077
family_stratified_random50_0514,50,100,1.0,1.0,1.0,0.5577868794197947,0.6509421379613143
family_stratified_random50_0515,50,100,1.0,1.0,1.0,0.2814684133069741,0.32819633392843717
family_stratified_random50_0516,50,100,1.0,1.0,1.0,0.20948602883974446,0.2235124389238727
family_stratified_random50_0517,50,100,1.0,1.0,1.0,0.48271663811800597,0.5713171792603153
family_stratified_random50_0518,50,100,1.0,1.0,1.0,0.47590656527134023,0.6701208351343295
family_stratified_random50_0519,50,100,1.0,1.0,1.0,0.4619643952916583,0.6149816362685084
family_stratified_random50_0520,50,100,1.0,1.0,1.0,0.20398627361824104,0.2998880095474967
family_stratified_random50_0521,50,100,1.0,1.0,1.0,0.38067748176960425,0.5182188760726973
family_stratified_random50_0522,50,100,1.0,1.0,1.0,0.43259793897837867,0.5404312765799253
family_stratified_random50_0523,50,100,1.0,1.0,1.0,0.32338952002819743,0.4195506334868182
family_stratified_random50_0524,50,100,1.0,1.0,1.0,0.5190368899176973,0.6452979054983723
family_stratified_random50_0525,50,100,1.0,1.0,1.0,0.39486723564525533,0.43826574017539094
family_stratified_random50_0526,50,100,1.0,1.0,1.0,0.3418059597126535,0.43237460967455354
family_stratified_random50_0527,50,100,1.0,1.0,1.0,0.15962292056105737,0.18065373803125157
family_stratified_random50_0528,50,100,1.0,1.0,1.0,0.2522848678057043,0.2689696829620771
family_stratified_random50_0529,50,100,1.0,1.0,1.0,0.3526968111706812,0.42997194513367537
family_stratified_random50_0530,50,100,1.0,1.0,1.0,0.24438406107555555,0.30717713581785666
family_stratified_random50_0531,50,100,1.0,1.0,1.0,0.33100471111413904,0.39911700364064134
family_stratified_random50_0532,50,100,1.0,1.0,1.0,0.35827690528408,0.4866485380740433
family_stratified_random50_0533,50,100,1.0,1.0,1.0,0.3320478478221286,0.3552416847006624
family_stratified_random50_0534,50,100,1.0,1.0,1.0,0.5069124347774585,0.6577239789860958
family_stratified_random50_0535,50,100,1.0,1.0,1.0,0.48370889969547154,0.6058854096635808
family_stratified_random50_0536,50,100,1.0,1.0,1.0,0.43059919911454975,0.48787699969998655
family_stratified_random50_0537,50,100,1.0,1.0,1.0,0.35747416871242227,0.4101747962943505
family_stratified_random50_0538,50,100,1.0,1.0,1.0,0.2720918281967589,0.34846119609819787
family_stratified_random50_0539,50,100,1.0,1.0,1.0,0.2819221162796405,0.3376352908721285
family_stratified_random50_0540,50,100,1.0,1.0,1.0,0.2060145733648833,0.26091466305287503
family_stratified_random50_0541,50,100,1.0,1.0,1.0,0.38893473523452277,0.46110466325720934
family_stratified_random50_0542,50,100,1.0,1.0,1.0,0.3147417008636533,0.3821589905876532
family_stratified_random50_0543,50,100,1.0,1.0,1.0,0.36586992248443856,0.5644894652178458
family_stratified_random50_0544,50,100,1.0,1.0,1.0,0.394581736033627,0.5236389959771152
family_stratified_random50_0545,50,100,1.0,1.0,1.0,0.2779946643825824,0.3496811657323766
family_stratified_random50_0546,50,100,1.0,1.0,1.0,0.3175638249605248,0.4127127345833183
family_stratified_random50_0547,50,100,1.0,1.0,1.0,0.2166469940635491,0.24777341344028794
family_stratified_random50_0548,50,100,1.0,1.0,1.0,0.33836143385195877,0.4829077008476664
family_stratified_random50_0549,50,100,1.0,1.0,1.0,0.36744414937434006,0.4250797651488221
family_stratified_random50_0550,50,100,1.0,1.0,1.0,0.1985206987605217,0.24767725052630502
family_stratified_random50_0551,50,100,1.0,1.0,1.0,0.23920710106202,0.3721375645105545
family_stratified_random50_0552,50,100,1.0,1.0,1.0,0.33715783882288536,0.3597075905433937
family_stratified_random50_0553,50,100,0.9642857142857143,0.9047619047619048,0.9523809523809523,0.4024221089465715,0.4370287955719618
family_stratified_random50_0554,50,100,0.9642857142857143,0.9047619047619048,0.9523809523809523,0.36640379958582203,0.4709531678664685
family_stratified_random50_0555,50,100,1.0,1.0,1.0,0.3373996703344408,0.434337135345141
family_stratified_random50_0556,50,100,1.0,1.0,1.0,0.42017313550472474,0.6329241066278924
family_stratified_random50_0557,50,100,1.0,1.0,1.0,0.3571864848507056,0.4647534653140346
family_stratified_random50_0558,50,100,1.0,1.0,1.0,0.2769983519460858,0.31660969298169345
family_stratified_random50_0559,50,100,1.0,1.0,1.0,0.5520468779618761,0.8840842275809347
family_stratified_random50_0560,50,100,1.0,1.0,1.0,0.24941359324507686,0.3958884854081647
family_stratified_random50_0561,50,100,1.0,1.0,1.0,0.5060663396322975,0.539733302738037
family_stratified_random50_0562,50,100,0.9642857142857143,0.9047619047619048,0.9523809523809523,0.3799762223684227,0.46409921363767465
family_stratified_random50_0563,50,100,1.0,1.0,1.0,0.37363442284111614,0.47012604000929276
family_stratified_random50_0564,50,100,1.0,1.0,1.0,0.42111306849367314,0.45465323596535073
family_stratified_random50_0565,50,100,1.0,1.0,1.0,0.4733198990583788,0.6071323245124853
family_stratified_random50_0566,50,100,1.0,1.0,1.0,0.22508164433447245,0.3566582473099613
family_stratified_random50_0567,50,100,1.0,1.0,1.0,0.17824444039316997,0.2301816577189141
family_stratified_random50_0568,50,100,1.0,1.0,1.0,0.27212357775556445,0.2905703633473879
family_stratified_random50_0569,50,100,1.0,1.0,1.0,0.35585594049699726,0.4628000339440846
family_stratified_random50_0570,50,100,0.9642857142857143,0.9047619047619048,0.9523809523809523,0.5444235557945528,0.6883222311732061
family_stratified_random50_0571,50,100,1.0,1.0,1.0,0.37294466560363954,0.48111441448859577
family_stratified_random50_0572,50,100,0.9642857142857143,0.9047619047619048,0.9523809523809523,0.4285467300207781,0.46915000028325854
family_stratified_random50_0573,50,100,1.0,1.0,1.0,0.7559201561226806,0.8679044414861791
family_stratified_random50_0574,50,100,1.0,1.0,1.0,0.3259177260442611,0.44316980746372775
family_stratified_random50_0575,50,100,1.0,1.0,1.0,0.34095289649164356,0.365249638710233
family_stratified_random50_0576,50,100,1.0,1.0,1.0,0.48738964914183897,0.562492023476024
family_stratified_random50_0577,50,100,1.0,1.0,1.0,0.2916660306110453,0.3291735084112989
family_stratified_random50_0578,50,100,1.0,1.0,1.0,0.3064465516631513,0.3788433149784395
family_stratified_random50_0579,50,100,1.0,1.0,1.0,0.1611336800863091,0.1857172775683994
family_stratified_random50_0580,50,100,1.0,1.0,1.0,0.39521992521337534,0.45681729613520317
family_stratified_random50_0581,50,100,1.0,1.0,1.0,0.2349547064230271,0.3339906670508937
family_stratified_random50_0582,50,100,1.0,1.0,1.0,0.33988478104146763,0.37956325417635
family_stratified_random50_0583,50,100,1.0,1.0,1.0,0.3774250961386381,0.3866346336487683
family_stratified_random50_0584,50,100,1.0,1.0,1.0,0.25410593939957116,0.29844331055747647
family_stratified_random50_0585,50,100,1.0,1.0,1.0,0.5407787586698957,0.6094431589979831
family_stratified_random50_0586,50,100,0.9642857142857143,0.9047619047619048,0.9523809523809523,0.2731301983408473,0.3226788295009968
family_stratified_random50_0587,50,100,1.0,1.0,1.0,0.23279206919386403,0.29993454644750595
family_stratified_random50_0588,50,100,0.9642857142857143,0.9047619047619048,0.9523809523809523,0.5732377515188775,0.690530586518703
family_stratified_random50_0589,50,100,1.0,1.0,1.0,0.2805413580570676,0.3646305896448307
family_stratified_random50_0590,50,100,1.0,1.0,1.0,0.4164531828363838,0.4388507315181315
family_stratified_random50_0591,50,100,1.0,1.0,1.0,0.2215834812063697,0.3180875743793042
family_stratified_random50_0592,50,100,1.0,1.0,1.0,0.1715581266234929,0.1989492893229052
family_stratified_random50_0593,50,100,1.0,1.0,1.0,0.4703174089940567,0.48214072500912564
family_stratified_random50_0594,50,100,1.0,1.0,1.0,0.5412320103757702,0.6097556933796849
family_stratified_random50_0595,50,100,1.0,1.0,1.0,0.21298459415878235,0.2675706440100766
family_stratified_random50_0596,50,100,1.0,1.0,1.0,0.4082889347951291,0.4326954205401609
family_stratified_random50_0597,50,100,0.9642857142857143,0.9047619047619048,0.9523809523809523,0.2793056651625415,0.33029795565386155
family_stratified_random50_0598,50,100,1.0,1.0,1.0,0.26294914281124687,0.3060979324690753
family_stratified_random50_0599,50,100,1.0,1.0,1.0,0.30559283959849987,0.43968274900248594
family_stratified_random50_0600,50,100,1.0,1.0,1.0,0.4031217359646425,0.44739796167933776
family_stratified_random50_0601,50,100,1.0,1.0,1.0,0.26885549068424713,0.28410727394528856
family_stratified_random50_0602,50,100,1.0,1.0,1.0,0.27694720027217806,0.34116572940051565
family_stratified_random50_0603,50,100,1.0,1.0,1.0,0.3218255158972158,0.3467526924842216
family_stratified_random50_0604,50,100,1.0,1.0,1.0,0.3994330632196521,0.45006902163313095
family_stratified_random50_0605,50,100,1.0,1.0,1.0,0.39656733423313356,0.4674164550114958
family_stratified_random50_0606,50,100,0.9642857142857143,0.9047619047619048,0.9523809523809523,0.7290971732136814,0.8679713019973186
family_stratified_random50_0607,50,100,1.0,1.0,1.0,0.5612359275276046,0.5921340484748466
family_stratified_random50_0608,50,100,1.0,1.0,1.0,0.38232467105678203,0.5657347629559064
family_stratified_random50_0609,50,100,1.0,1.0,1.0,0.1659840382398252,0.19878640282373702
family_stratified_random50_0610,50,100,1.0,1.0,1.0,0.555159993854573,0.6195780042250648
family_stratified_random50_0611,50,100,1.0,1.0,1.0,0.37357517144604396,0.44298405125951296
family_stratified_random50_0612,50,100,1.0,1.0,1.0,0.1986729969610044,0.21985575028047055
family_stratified_random50_0613,50,100,1.0,1.0,1.0,0.2821156891742295,0.34933080678163114
family_stratified_random50_0614,50,100,1.0,1.0,1.0,0.3654279129041516,0.4132451694116218
family_stratified_random50_0615,50,100,1.0,1.0,1.0,0.31439398652725853,0.4056504902078309
family_stratified_random50_0616,50,100,1.0,1.0,1.0,0.31003441480385735,0.32795819667530723
family_stratified_random50_0617,50,100,1.0,1.0,1.0,0.2351767948012152,0.27922006875507893
family_stratified_random50_0618,50,100,1.0,1.0,1.0,0.3955213922922762,0.44600300154491707
family_stratified_random50_0619,50,100,1.0,1.0,1.0,0.2408292530453919,0.2853613174178029
family_stratified_random50_0620,50,100,1.0,1.0,1.0,0.515099276298081,0.6089826314728648
family_stratified_random50_0621,50,100,1.0,1.0,1.0,0.5520964575049608,0.6138016838462838
family_stratified_random50_0622,50,100,1.0,1.0,1.0,0.32859779593266325,0.4384755177716406
family_stratified_random50_0623,50,100,1.0,1.0,1.0,0.4156511393020762,0.5123470099792318
family_stratified_random50_0624,50,100,1.0,1.0,1.0,0.3210200441700831,0.4022800678898336
family_stratified_random50_0625,50,100,1.0,1.0,1.0,0.789927241903875,0.8134467405278655
family_stratified_random50_0626,50,100,1.0,1.0,1.0,0.27814648238870915,0.3191167020728346
family_stratified_random50_0627,50,100,1.0,1.0,1.0,0.4080221732233752,0.6026178503662174
family_stratified_random50_0628,50,100,1.0,1.0,1.0,0.6558259778165425,0.9459191234754744
family_stratified_random50_0629,50,100,1.0,1.0,1.0,0.290364204129627,0.32801849018744006
family_stratified_random50_0630,50,100,1.0,1.0,1.0,0.33010069408785675,0.48448265282020697
family_stratified_random50_0631,50,100,0.9642857142857143,0.9047619047619048,0.9523809523809523,0.3863660731380052,0.440943056707917
family_stratified_random50_0632,50,100,1.0,1.0,1.0,0.1684702500391195,0.2201342330768394
family_stratified_random50_0633,50,100,1.0,1.0,1.0,0.29257656650337266,0.3457510956536429
family_stratified_random50_0634,50,100,0.9642857142857143,0.9047619047619048,0.9523809523809523,0.6059027228260379,0.7630641417451449
family_stratified_random50_0635,50,100,1.0,1.0,1.0,0.2557639640227193,0.2799487779251192
family_stratified_random50_0636,50,100,1.0,1.0,1.0,0.3467868580429165,0.4233724579784631
family_stratified_random50_0637,50,100,1.0,1.0,1.0,0.2494925631029729,0.2759299897657778
family_stratified_random50_0638,50,100,1.0,1.0,1.0,0.21303790717484214,0.2562698078640191
family_stratified_random50_0639,50,100,1.0,1.0,1.0,0.4443417091169703,0.626643086839385
family_stratified_random50_0640,50,100,1.0,1.0,1.0,0.19400925218787887,0.2527036531231622
family_stratified_random50_0641,50,100,1.0,1.0,1.0,0.380442224908871,0.4947592943604112
family_stratified_random50_0642,50,100,1.0,1.0,1.0,0.31477413414023253,0.3646445330655058
family_stratified_random50_0643,50,100,1.0,1.0,1.0,0.34598040183213863,0.3902059082161078
family_stratified_random50_0644,50,100,1.0,1.0,1.0,0.3078310230244006,0.36668569806629725
family_stratified_random50_0645,50,100,1.0,1.0,1.0,0.3570707599293506,0.367609089913555
family_stratified_random50_0646,50,100,1.0,1.0,1.0,0.3225435501496052,0.3926515703064847
family_stratified_random50_0647,50,100,1.0,1.0,1.0,0.280130533869292,0.3350040945373756
family_stratified_random50_0648,50,100,1.0,1.0,1.0,0.46463768248905324,0.5525874869291834
family_stratified_random50_0649,50,100,1.0,1.0,1.0,0.5797812998906188,0.7388459772064414
family_stratified_random50_0650,50,100,1.0,1.0,1.0,0.46811594397399636,0.5819058772904755
family_stratified_random50_0651,50,100,0.9642857142857143,0.9047619047619048,0.9523809523809523,0.43222617249206585,0.5077483815232595
family_stratified_random50_0652,50,100,1.0,1.0,1.0,0.19356588594255628,0.23880439297486764
family_stratified_random50_0653,50,100,1.0,1.0,1.0,0.33417942406292994,0.4475243805544377
family_stratified_random50_0654,50,100,1.0,1.0,1.0,0.2197093669969677,0.2728600054099717
family_stratified_random50_0655,50,100,1.0,1.0,1.0,0.4593014207691256,0.48847703600655173
family_stratified_random50_0656,50,100,0.9642857142857143,0.9047619047619048,0.9523809523809523,0.5699272591403539,0.7769748526667042
family_stratified_random50_0657,50,100,1.0,1.0,1.0,0.37430463538450226,0.40797722912638706
family_stratified_random50_0658,50,100,1.0,1.0,1.0,0.38459091037340154,0.44369985087668784
family_stratified_random50_0659,50,100,1.0,1.0,1.0,0.2871269628743398,0.35582741998580086
family_stratified_random50_0660,50,100,1.0,1.0,1.0,0.2844932939258352,0.3266128397128813
family_stratified_random50_0661,50,100,1.0,1.0,1.0,0.342682945368324,0.584250283375542
family_stratified_random50_0662,50,100,1.0,1.0,1.0,0.2377990392648431,0.3109122015795146
family_stratified_random50_0663,50,100,1.0,1.0,1.0,0.22005046453342286,0.28729043031126794
family_stratified_random50_0664,50,100,1.0,1.0,1.0,0.4598463467080911,0.5233024511143516
family_stratified_random50_0665,50,100,1.0,1.0,1.0,0.3240120700572261,0.41220677381529786
family_stratified_random50_0666,50,100,1.0,1.0,1.0,0.2860985791412374,0.3234735323227558
family_stratified_random50_0667,50,100,1.0,1.0,1.0,0.20744412243887758,0.27634966253262794
family_stratified_random50_0668,50,100,1.0,1.0,1.0,0.49946706503407695,0.6472142664016665
family_stratified_random50_0669,50,100,1.0,1.0,1.0,0.2239093340583905,0.3147411845606644
family_stratified_random50_0670,50,100,1.0,1.0,1.0,0.4514623534283865,0.6809452234588063
family_stratified_random50_0671,50,100,1.0,1.0,1.0,0.5066916454996364,0.6411702681249333
family_stratified_random50_0672,50,100,1.0,1.0,1.0,0.1433676972536815,0.17297897262691458
family_stratified_random50_0673,50,100,1.0,1.0,1.0,0.4385635406989036,0.4920137698048563
family_stratified_random50_0674,50,100,1.0,1.0,1.0,0.4123606569657796,0.44662962410531937
family_stratified_random50_0675,50,100,1.0,1.0,1.0,0.22401373821306622,0.2772057792883897
family_stratified_random50_0676,50,100,1.0,1.0,1.0,0.4429366288145355,0.5349149468531476
family_stratified_random50_0677,50,100,1.0,1.0,1.0,0.43435491009235844,0.4891450791644055
family_stratified_random50_0678,50,100,1.0,1.0,1.0,0.2529821690876384,0.32198798770505827
family_stratified_random50_0679,50,100,1.0,1.0,1.0,0.39723834608606556,0.49126463782425983
family_stratified_random50_0680,50,100,1.0,1.0,1.0,0.33270967711922933,0.35869788589978324
family_stratified_random50_0681,50,100,1.0,1.0,1.0,0.34636009057617273,0.46644530505698445
family_stratified_random50_0682,50,100,1.0,1.0,1.0,0.49411787308205896,0.6332390217237029
family_stratified_random50_0683,50,100,1.0,1.0,1.0,0.3992037215834398,0.49086135669459474
family_stratified_random50_0684,50,100,1.0,1.0,1.0,0.288813455565692,0.39703910409116033
family_stratified_random50_0685,50,100,1.0,1.0,1.0,0.251884897910008,0.3308421387110964
family_stratified_random50_0686,50,100,1.0,1.0,1.0,0.3143010953356022,0.3500290928130598
family_stratified_random50_0687,50,100,1.0,1.0,1.0,0.2995437830761343,0.3881598127468716
family_stratified_random50_0688,50,100,1.0,1.0,1.0,0.24663957497496758,0.26723094768888556
family_stratified_random50_0689,50,100,1.0,1.0,1.0,0.2031469336212058,0.2810852150933168
family_stratified_random50_0690,50,100,1.0,1.0,1.0,0.40031513302503036,0.45876522950957194
family_stratified_random50_0691,50,100,1.0,1.0,1.0,0.34409682393315616,0.4750414427084764
family_stratified_random50_0692,50,100,1.0,1.0,1.0,0.4020353432883314,0.44884803813477386
family_stratified_random50_0693,50,100,0.9642857142857143,0.9047619047619048,0.9523809523809523,0.6889931111167695,0.8488464591302216
family_stratified_random50_0694,50,100,1.0,1.0,1.0,0.3399055710378213,0.43002724867319586
family_stratified_random50_0695,50,100,1.0,1.0,1.0,0.2593132991407452,0.31028662113940364
family_stratified_random50_0696,50,100,1.0,1.0,1.0,0.48720612419617243,0.5551960689573978
family_stratified_random50_0697,50,100,1.0,1.0,1.0,0.42833640583848537,0.49379002111902737
family_stratified_random50_0698,50,100,1.0,1.0,1.0,0.2617943592507142,0.28016136415391124
family_stratified_random50_0699,50,100,1.0,1.0,1.0,0.2618619069348345,0.3219302850836579
family_stratified_random50_0700,50,100,1.0,1.0,1.0,0.36180849638537377,0.47324100533607616
family_stratified_random50_0701,50,100,1.0,1.0,1.0,0.28556454979348145,0.35911743096090465
family_stratified_random50_0702,50,100,1.0,1.0,1.0,0.34087506699744236,0.36875362193183564
family_stratified_random50_0703,50,100,1.0,1.0,1.0,0.3340973070795576,0.4441681644239485
family_stratified_random50_0704,50,100,1.0,1.0,1.0,0.2814781368935802,0.40748695263719475
family_stratified_random50_0705,50,100,0.9642857142857143,0.9047619047619048,0.9523809523809523,0.70608670007433,0.7472357803380918
family_stratified_random50_0706,50,100,1.0,1.0,1.0,0.22600994952352885,0.2495586468040401
family_stratified_random50_0707,50,100,1.0,1.0,1.0,0.3714097493223842,0.5167836679339918
family_stratified_random50_0708,50,100,1.0,1.0,1.0,0.7325283189772391,0.8099802081750113
family_stratified_random50_0709,50,100,1.0,1.0,1.0,0.4794075554797859,0.5521984497640142
family_stratified_random50_0710,50,100,1.0,1.0,1.0,0.289665022743199,0.31064696149368903
family_stratified_random50_0711,50,100,1.0,1.0,1.0,0.7440974327118591,0.8887948516431793
family_stratified_random50_0712,50,100,1.0,1.0,1.0,0.1419283910185554,0.22902709914737343
family_stratified_random50_0713,50,100,1.0,1.0,1.0,0.3809642174859436,0.6363424528960345
family_stratified_random50_0714,50,100,1.0,1.0,1.0,0.329894878348516,0.3812573668537196
family_stratified_random50_0715,50,100,0.9642857142857143,0.9047619047619048,0.9523809523809523,0.32468227460165255,0.3979541147523234
family_stratified_random50_0716,50,100,1.0,1.0,1.0,0.42453368641874323,0.5019344282640777
family_stratified_random50_0717,50,100,1.0,1.0,1.0,0.2554662771331235,0.29918870172833073
family_stratified_random50_0718,50,100,1.0,1.0,1.0,0.5768332767075066,0.7870914401272378
family_stratified_random50_0719,50,100,1.0,1.0,1.0,0.4499612271246677,0.5092610982744824
family_stratified_random50_0720,50,100,1.0,1.0,1.0,0.3531630895841178,0.5127635262786616
family_stratified_random50_0721,50,100,1.0,1.0,1.0,0.5090475621081824,0.5820053201784042
family_stratified_random50_0722,50,100,1.0,1.0,1.0,0.36942991810230946,0.41973039023125586
family_stratified_random50_0723,50,100,0.9642857142857143,0.9047619047619048,0.9523809523809523,0.4414813343053949,0.618219097805303
family_stratified_random50_0724,50,100,1.0,1.0,1.0,0.19459343102088372,0.25893601506906516
family_stratified_random50_0725,50,100,1.0,1.0,1.0,0.30204897391934576,0.4565199952813928
family_stratified_random50_0726,50,100,1.0,1.0,1.0,0.3258755935726898,0.38628158574369026
family_stratified_random50_0727,50,100,1.0,1.0,1.0,0.18551146984065833,0.20321565360439503
family_stratified_random50_0728,50,100,1.0,1.0,1.0,0.352356623457219,0.4155172525910721
family_stratified_random50_0729,50,100,1.0,1.0,1.0,0.3430704420748435,0.36831930215599734
family_stratified_random50_0730,50,100,1.0,1.0,1.0,0.35568974087495525,0.40270123680453324
family_stratified_random50_0731,50,100,1.0,1.0,1.0,0.2937323468306457,0.33083655863505046
family_stratified_random50_0732,50,100,1.0,1.0,1.0,0.3860246028777981,0.44894525989454653
family_stratified_random50_0733,50,100,1.0,1.0,1.0,0.23209632994404197,0.27871937621241744
family_stratified_random50_0734,50,100,0.9642857142857143,0.9047619047619048,0.9523809523809523,0.38331596451483674,0.48034286877024684
family_stratified_random50_0735,50,100,1.0,1.0,1.0,0.39665951494942386,0.43868255870920736
family_stratified_random50_0736,50,100,1.0,1.0,1.0,0.5943293610157739,0.6590846746252282
family_stratified_random50_0737,50,100,1.0,1.0,1.0,0.37442687075073805,0.39266787641481327
family_stratified_random50_0738,50,100,1.0,1.0,1.0,0.5752169391893249,0.7153543040234016
family_stratified_random50_0739,50,100,1.0,1.0,1.0,0.4644207510201424,0.4955899777545373
family_stratified_random50_0740,50,100,0.9642857142857143,0.9047619047619048,0.9523809523809523,0.2938230048996056,0.32253729473139253
family_stratified_random50_0741,50,100,0.9642857142857143,0.9047619047619048,0.9523809523809523,0.41391008971077203,0.45276530347758936
family_stratified_random50_0742,50,100,1.0,1.0,1.0,0.5264254342523412,0.6102623462020205
family_stratified_random50_0743,50,100,1.0,1.0,1.0,0.2888090782863942,0.3737585004027052
family_stratified_random50_0744,50,100,0.9642857142857143,0.9047619047619048,0.9523809523809523,0.33699464578130073,0.38957167098960993
family_stratified_random50_0745,50,100,1.0,1.0,1.0,0.23656790765981406,0.38646967229935086
family_stratified_random50_0746,50,100,1.0,1.0,1.0,0.43379308073815065,0.5083341025322956
family_stratified_random50_0747,50,100,1.0,1.0,1.0,0.3541344249973499,0.4150528804348853
family_stratified_random50_0748,50,100,1.0,1.0,1.0,0.4519751012957701,0.6919195506135097
family_stratified_random50_0749,50,100,1.0,1.0,1.0,0.38867659984338865,0.47864463815127684
family_stratified_random50_0750,50,100,1.0,1.0,1.0,0.25566810324601896,0.3331574900280611
family_stratified_random50_0751,50,100,1.0,1.0,1.0,0.36274520525448106,0.4682546216763453
family_stratified_random50_0752,50,100,1.0,1.0,1.0,0.15318927591853168,0.1729022455453536
family_stratified_random50_0753,50,100,1.0,1.0,1.0,0.20700111746263605,0.23122351764047147
family_stratified_random50_0754,50,100,1.0,1.0,1.0,0.21006306829077645,0.22802024876852142
family_stratified_random50_0755,50,100,1.0,1.0,1.0,0.3227692138891653,0.3639484710641019
family_stratified_random50_0756,50,100,1.0,1.0,1.0,0.23967921659165942,0.32861163458085485
family_stratified_random50_0757,50,100,1.0,1.0,1.0,0.4498409537492483,0.48144800552888367
family_stratified_random50_0758,50,100,1.0,1.0,1.0,0.4734747334647395,0.5998438412780704
family_stratified_random50_0759,50,100,1.0,1.0,1.0,0.36314087388366445,0.4683557063528492
family_stratified_random50_0760,50,100,1.0,1.0,1.0,0.3003619195909849,0.3532947452068259
family_stratified_random50_0761,50,100,0.9642857142857143,0.9047619047619048,0.9523809523809523,0.3521839780871909,0.4101779801526536
family_stratified_random50_0762,50,100,1.0,1.0,1.0,0.2531431904759874,0.2766994130339387
family_stratified_random50_0763,50,100,0.9642857142857143,0.9047619047619048,0.9523809523809523,0.3997912622194314,0.5420088195632984
family_stratified_random50_0764,50,100,1.0,1.0,1.0,0.2391876386068307,0.2652040190431864
family_stratified_random50_0765,50,100,1.0,1.0,1.0,0.3443419356301065,0.4116117533614776
family_stratified_random50_0766,50,100,1.0,1.0,1.0,0.4791841193849404,0.5633653159052129
family_stratified_random50_0767,50,100,1.0,1.0,1.0,0.4132165593880669,0.4476645878972906
family_stratified_random50_0768,50,100,1.0,1.0,1.0,0.16332828088494553,0.1965934076124082
family_stratified_random50_0769,50,100,1.0,1.0,1.0,0.2687540248517735,0.3364446188588559
family_stratified_random50_0770,50,100,1.0,1.0,1.0,0.46068087941190267,0.4733678584224365
family_stratified_random50_0771,50,100,1.0,1.0,1.0,0.38499494593843253,0.5123902342775118
family_stratified_random50_0772,50,100,1.0,1.0,1.0,0.16170290142783858,0.17226598674398738
family_stratified_random50_0773,50,100,1.0,1.0,1.0,0.34624901403374525,0.5550293189823525
family_stratified_random50_0774,50,100,1.0,1.0,1.0,0.23876351053302514,0.28285876974697793
family_stratified_random50_0775,50,100,0.9642857142857143,0.9047619047619048,0.9523809523809523,0.5501394285725517,0.5789806458210396
family_stratified_random50_0776,50,100,1.0,1.0,1.0,0.2959444004918962,0.32084202898161684
family_stratified_random50_0777,50,100,1.0,1.0,1.0,0.5505176269389354,0.6226760560949303
family_stratified_random50_0778,50,100,1.0,1.0,1.0,0.20678760086053977,0.31601768380060263
family_stratified_random50_0779,50,100,1.0,1.0,1.0,0.31807333399060517,0.34823292418473795
family_stratified_random50_0780,50,100,1.0,1.0,1.0,0.40076188031290466,0.5436522730986089
family_stratified_random50_0781,50,100,1.0,1.0,1.0,0.21704858545764855,0.27944012765939014
family_stratified_random50_0782,50,100,1.0,1.0,1.0,0.3088067483313703,0.368501483434588
family_stratified_random50_0783,50,100,1.0,1.0,1.0,0.5881224083625364,0.6935042845718408
family_stratified_random50_0784,50,100,1.0,1.0,1.0,0.36119470446307805,0.6091693499163608
family_stratified_random50_0785,50,100,1.0,1.0,1.0,0.5191973474558156,0.6554225064545219
family_stratified_random50_0786,50,100,1.0,1.0,1.0,0.35964693390290536,0.3893654426568588
family_stratified_random50_0787,50,100,1.0,1.0,1.0,0.4469173357489135,0.5224027791947526
family_stratified_random50_0788,50,100,1.0,1.0,1.0,0.4946620708128821,0.5578258554322159
family_stratified_random50_0789,50,100,1.0,1.0,1.0,0.3363345082292393,0.47307535460157196
family_stratified_random50_0790,50,100,1.0,1.0,1.0,0.292212269789957,0.42168457328106856
family_stratified_random50_0791,50,100,1.0,1.0,1.0,0.32063429186001763,0.367567925870015
family_stratified_random50_0792,50,100,1.0,1.0,1.0,0.4408364187643674,0.5660951801356762
family_stratified_random50_0793,50,100,1.0,1.0,1.0,0.38772623078481727,0.4362387721081738
family_stratified_random50_0794,50,100,1.0,1.0,1.0,0.21938908780964364,0.3218856806296917
family_stratified_random50_0795,50,100,1.0,1.0,1.0,0.35224902012174536,0.4145757628725619
family_stratified_random50_0796,50,100,1.0,1.0,1.0,0.4064876346403257,0.5897958483904022
family_stratified_random50_0797,50,100,1.0,1.0,1.0,0.4598329856761975,0.71792795890157
family_stratified_random50_0798,50,100,1.0,1.0,1.0,0.2926180934632643,0.41689070855109883
family_stratified_random50_0799,50,100,1.0,1.0,1.0,0.4234584543208816,0.531792560145666
family_stratified_random50_0800,50,100,1.0,1.0,1.0,0.19100998002672862,0.26653976411221514
family_stratified_random50_0801,50,100,1.0,1.0,1.0,0.4113187777702575,0.44665533533906426
family_stratified_random50_0802,50,100,1.0,1.0,1.0,0.4334805716392204,0.5786554571074544
family_stratified_random50_0803,50,100,1.0,1.0,1.0,0.26167605818112183,0.31680009750160776
family_stratified_random50_0804,50,100,1.0,1.0,1.0,0.5920110256310332,0.6597774431875764
family_stratified_random50_0805,50,100,1.0,1.0,1.0,0.5517786977740324,0.6232439548267805
family_stratified_random50_0806,50,100,1.0,1.0,1.0,0.3794811234412408,0.5218358882319997
family_stratified_random50_0807,50,100,1.0,1.0,1.0,0.47458665938461947,0.5543151013822886
family_stratified_random50_0808,50,100,1.0,1.0,1.0,0.3108971609457988,0.3857523225065286
family_stratified_random50_0809,50,100,1.0,1.0,1.0,0.3786753161838932,0.5571516365414683
family_stratified_random50_0810,50,100,1.0,1.0,1.0,0.19258759449171972,0.21641501130292864
family_stratified_random50_0811,50,100,1.0,1.0,1.0,0.5029607376647003,0.5588647492928098
family_stratified_random50_0812,50,100,1.0,1.0,1.0,0.35634586701657195,0.39812168044392815
family_stratified_random50_0813,50,100,1.0,1.0,1.0,0.23088625506709118,0.30927546019985896
family_stratified_random50_0814,50,100,1.0,1.0,1.0,0.37859328365045936,0.4481323850205155
family_stratified_random50_0815,50,100,1.0,1.0,1.0,0.2907805178890833,0.3710002954143591
family_stratified_random50_0816,50,100,1.0,1.0,1.0,0.17866114485812506,0.22778427506381654
family_stratified_random50_0817,50,100,1.0,1.0,1.0,0.2181371061970464,0.2527798389296204
family_stratified_random50_0818,50,100,1.0,1.0,1.0,0.5143276559258466,0.5755154889167876
family_stratified_random50_0819,50,100,1.0,1.0,1.0,0.4293582732710271,0.48174189789035504
family_stratified_random50_0820,50,100,1.0,1.0,1.0,0.25838997439727096,0.35253909903499625
family_stratified_random50_0821,50,100,1.0,1.0,1.0,0.4198221357669106,0.4926687365899461
family_stratified_random50_0822,50,100,1.0,1.0,1.0,0.3330262592457291,0.3492434155565485
family_stratified_random50_0823,50,100,1.0,1.0,1.0,0.21453800535415748,0.25576233292421147
family_stratified_random50_0824,50,100,1.0,1.0,1.0,0.2069691263135599,0.2613538687337615
family_stratified_random50_0825,50,100,1.0,1.0,1.0,0.24524963583993395,0.29222796789752886
family_stratified_random50_0826,50,100,1.0,1.0,1.0,0.46710666505758863,0.6556613692005258
family_stratified_random50_0827,50,100,1.0,1.0,1.0,0.24347415356025529,0.39476391869659916
family_stratified_random50_0828,50,100,1.0,1.0,1.0,0.3021000196366243,0.38039931955673834
family_stratified_random50_0829,50,100,1.0,1.0,1.0,0.4574154106207362,0.4697137043647152
family_stratified_random50_0830,50,100,1.0,1.0,1.0,0.49476696074425575,0.7064802843252533
family_stratified_random50_0831,50,100,1.0,1.0,1.0,0.4148967465573962,0.5115659680012273
family_stratified_random50_0832,50,100,1.0,1.0,1.0,0.23199604917349978,0.26188304429526266
family_stratified_random50_0833,50,100,1.0,1.0,1.0,0.4696098986880315,0.5496856781518316
family_stratified_random50_0834,50,100,1.0,1.0,1.0,0.3681529110734125,0.4219823180455185
family_stratified_random50_0835,50,100,1.0,1.0,1.0,0.4359988657893739,0.48017150288949023
family_stratified_random50_0836,50,100,1.0,1.0,1.0,0.31411056366943585,0.3825723777053558
family_stratified_random50_0837,50,100,1.0,1.0,1.0,0.16708616826453776,0.24799747722443688
family_stratified_random50_0838,50,100,1.0,1.0,1.0,0.398790390193097,0.4864868673535216
family_stratified_random50_0839,50,100,1.0,1.0,1.0,0.39477738047202104,0.4697963312806151
family_stratified_random50_0840,50,100,1.0,1.0,1.0,0.30852493055028263,0.36624362376871306
family_stratified_random50_0841,50,100,1.0,1.0,1.0,0.24671821276463718,0.3613448057077181
family_stratified_random50_0842,50,100,1.0,1.0,1.0,0.3946759419378151,0.4490792841118561
family_stratified_random50_0843,50,100,1.0,1.0,1.0,0.29055852167621554,0.3959047056357208
family_stratified_random50_0844,50,100,1.0,1.0,1.0,0.531288291620143,0.5958821063287711
family_stratified_random50_0845,50,100,1.0,1.0,1.0,0.5011589447877974,0.5497703792897466
family_stratified_random50_0846,50,100,1.0,1.0,1.0,0.16782350952522568,0.18890918703297302
family_stratified_random50_0847,50,100,1.0,1.0,1.0,0.18761031979101928,0.20451844543226583
family_stratified_random50_0848,50,100,1.0,1.0,1.0,0.4556823149884691,0.4930796702338254
family_stratified_random50_0849,50,100,1.0,1.0,1.0,0.2652479120629597,0.2993035171830937
family_stratified_random50_0850,50,100,1.0,1.0,1.0,0.44631171648323786,0.46492508683665335
family_stratified_random50_0851,50,100,1.0,1.0,1.0,0.2731435541726081,0.41440616187698526
family_stratified_random50_0852,50,100,1.0,1.0,1.0,0.2782568787699325,0.30351744927126484
family_stratified_random50_0853,50,100,1.0,1.0,1.0,0.22238812261799487,0.3239420340464939
family_stratified_random50_0854,50,100,1.0,1.0,1.0,0.15867728943183196,0.19211339971900177
family_stratified_random50_0855,50,100,1.0,1.0,1.0,0.2946745656397682,0.4089087685561511
family_stratified_random50_0856,50,100,1.0,1.0,1.0,0.27777217208335536,0.32973779065774855
family_stratified_random50_0857,50,100,1.0,1.0,1.0,0.39164158669269283,0.5192758474535822
family_stratified_random50_0858,50,100,1.0,1.0,1.0,0.34097672905933735,0.40287079975762485
family_stratified_random50_0859,50,100,1.0,1.0,1.0,0.30905962672315584,0.41689682670405676
family_stratified_random50_0860,50,100,0.9642857142857143,0.9047619047619048,0.9523809523809523,0.30326997959701646,0.34521264284231334
family_stratified_random50_0861,50,100,1.0,1.0,1.0,0.33549418351246657,0.37061943790044055
family_stratified_random50_0862,50,100,1.0,1.0,1.0,0.2595255378416662,0.38021050565605274
family_stratified_random50_0863,50,100,1.0,1.0,1.0,0.35129157242058767,0.5073343851748142
family_stratified_random50_0864,50,100,1.0,1.0,1.0,0.33592367132016476,0.43871746010901164
family_stratified_random50_0865,50,100,1.0,1.0,1.0,0.35346392488075806,0.3845304533566951
family_stratified_random50_0866,50,100,1.0,1.0,1.0,0.22004466842103892,0.24938009730688734
family_stratified_random50_0867,50,100,1.0,1.0,1.0,0.47058342262086644,0.5390922209526966
family_stratified_random50_0868,50,100,1.0,1.0,1.0,0.26285557327285775,0.34889865677170345
family_stratified_random50_0869,50,100,1.0,1.0,1.0,0.4104846063367205,0.5703783243255647
family_stratified_random50_0870,50,100,1.0,1.0,1.0,0.4114102597889666,0.5234390539115393
family_stratified_random50_0871,50,100,0.9642857142857143,0.9047619047619048,0.9523809523809523,0.6754746026616553,0.7098812303367181
family_stratified_random50_0872,50,100,1.0,1.0,1.0,0.29520779725871077,0.35522128513385665
family_stratified_random50_0873,50,100,1.0,1.0,1.0,0.31114585220955754,0.34859418960890787
family_stratified_random50_0874,50,100,0.9642857142857143,0.9047619047619048,0.9523809523809523,0.49824719309465315,0.5561574710985203
family_stratified_random50_0875,50,100,1.0,1.0,1.0,0.3693413000264317,0.44134720159568913
family_stratified_random50_0876,50,100,1.0,1.0,1.0,0.3517141641660398,0.37232383323066165
family_stratified_random50_0877,50,100,1.0,1.0,1.0,0.25288354670587593,0.34787735976835216
family_stratified_random50_0878,50,100,1.0,1.0,1.0,0.3050296084441793,0.467208925971506
family_stratified_random50_0879,50,100,0.9642857142857143,0.9047619047619048,0.9523809523809523,0.42476214143664154,0.49838542716795436
family_stratified_random50_0880,50,100,1.0,1.0,1.0,0.3195903223086067,0.40536006756605647
family_stratified_random50_0881,50,100,1.0,1.0,1.0,0.49440494198803303,0.6040009955766594
family_stratified_random50_0882,50,100,1.0,1.0,1.0,0.282066966857499,0.31964614961306936
family_stratified_random50_0883,50,100,1.0,1.0,1.0,0.25808860473733847,0.3076504144547372
family_stratified_random50_0884,50,100,1.0,1.0,1.0,0.26334356097973527,0.3191928153618189
family_stratified_random50_0885,50,100,1.0,1.0,1.0,0.29363519445948383,0.3467454738504241
family_stratified_random50_0886,50,100,0.9642857142857143,0.9047619047619048,0.9523809523809523,0.392989904927683,0.4174089574528413
family_stratified_random50_0887,50,100,1.0,1.0,1.0,0.2623311713100532,0.37143286604075165
family_stratified_random50_0888,50,100,1.0,1.0,1.0,0.5005469543041333,0.6022644829794076
family_stratified_random50_0889,50,100,1.0,1.0,1.0,0.31801522963609724,0.4133509730429261
family_stratified_random50_0890,50,100,1.0,1.0,1.0,0.3399677240009493,0.6041361873900981
family_stratified_random50_0891,50,100,1.0,1.0,1.0,0.3383203411436895,0.3845873991121578
family_stratified_random50_0892,50,100,1.0,1.0,1.0,0.5226260232364498,0.8031014024698703
family_stratified_random50_0893,50,100,1.0,1.0,1.0,0.14684248392763993,0.17787995285992916
family_stratified_random50_0894,50,100,1.0,1.0,1.0,0.26651987994923715,0.3108655855597531
family_stratified_random50_0895,50,100,1.0,1.0,1.0,0.23316110091313047,0.27735429588858646
family_stratified_random50_0896,50,100,1.0,1.0,1.0,0.24103273112692403,0.2831232092714478
family_stratified_random50_0897,50,100,1.0,1.0,1.0,0.49309335056280035,0.6730762322019803
family_stratified_random50_0898,50,100,1.0,1.0,1.0,0.171854880351387,0.20664765940192456
family_stratified_random50_0899,50,100,1.0,1.0,1.0,0.3386133329873264,0.39109208092832315
family_stratified_random50_0900,50,100,1.0,1.0,1.0,0.2392939419146631,0.2766547790729634
family_stratified_random50_0901,50,100,1.0,1.0,1.0,0.24782994942333048,0.267019542239587
family_stratified_random50_0902,50,100,1.0,1.0,1.0,0.43541127069025903,0.4606010145196925
family_stratified_random50_0903,50,100,1.0,1.0,1.0,0.48054322103064717,0.5761882708310553
family_stratified_random50_0904,50,100,1.0,1.0,1.0,0.26625145878484313,0.2745126389872701
family_stratified_random50_0905,50,100,1.0,1.0,1.0,0.22973310975297898,0.3055118733163451
family_stratified_random50_0906,50,100,1.0,1.0,1.0,0.30965498258678276,0.344598622045486
family_stratified_random50_0907,50,100,1.0,1.0,1.0,0.22886935165401337,0.36701168145484137
family_stratified_random50_0908,50,100,1.0,1.0,1.0,0.31576381555964095,0.35173158196138943
family_stratified_random50_0909,50,100,1.0,1.0,1.0,0.36766551118288016,0.4280911110935049
family_stratified_random50_0910,50,100,1.0,1.0,1.0,0.12231893757579639,0.14987624053388132
family_stratified_random50_0911,50,100,1.0,1.0,1.0,0.46893918174753546,0.5506209110014672
family_stratified_random50_0912,50,100,1.0,1.0,1.0,0.35420231357702003,0.4353810855684781
family_stratified_random50_0913,50,100,1.0,1.0,1.0,0.2506155062220253,0.28947418537338593
family_stratified_random50_0914,50,100,1.0,1.0,1.0,0.22454915327429337,0.2574037314996978
family_stratified_random50_0915,50,100,0.9642857142857143,0.9047619047619048,0.9523809523809523,0.42200461073677664,0.5688239448243273
family_stratified_random50_0916,50,100,1.0,1.0,1.0,0.384292977847855,0.4402721037697582
family_stratified_random50_0917,50,100,1.0,1.0,1.0,0.4225792390650735,0.5152263613502961
family_stratified_random50_0918,50,100,1.0,1.0,1.0,0.3799404288446013,0.42322076817014914
family_stratified_random50_0919,50,100,1.0,1.0,1.0,0.13206743607761048,0.1723527298067016
family_stratified_random50_0920,50,100,1.0,1.0,1.0,0.4199531967344256,0.43560499694894284
family_stratified_random50_0921,50,100,0.9642857142857143,0.9047619047619048,0.9523809523809523,0.360864482128037,0.4755330423289043
family_stratified_random50_0922,50,100,1.0,1.0,1.0,0.3432926252571977,0.4151113278725374
family_stratified_random50_0923,50,100,1.0,1.0,1.0,0.39274457010294567,0.45775132455276313
family_stratified_random50_0924,50,100,1.0,1.0,1.0,0.3922707899177156,0.4457423853277344
family_stratified_random50_0925,50,100,1.0,1.0,1.0,0.3319230590621686,0.4485290148501944
family_stratified_random50_0926,50,100,1.0,1.0,1.0,0.38637572673621057,0.5064706504535696
family_stratified_random50_0927,50,100,0.9642857142857143,0.9047619047619048,0.9523809523809523,0.46389480557890195,0.5236411642370374
family_stratified_random50_0928,50,100,1.0,1.0,1.0,0.19058293598949766,0.20656932646561474
family_stratified_random50_0929,50,100,1.0,1.0,1.0,0.29120095354948333,0.3675943209656858
family_stratified_random50_0930,50,100,1.0,1.0,1.0,0.37825214708756066,0.42336860786169944
family_stratified_random50_0931,50,100,1.0,1.0,1.0,0.3618034004580894,0.4811980526369735
family_stratified_random50_0932,50,100,1.0,1.0,1.0,0.16951986341867203,0.20602525449214806
family_stratified_random50_0933,50,100,1.0,1.0,1.0,0.29530004994762205,0.4236177140397244
family_stratified_random50_0934,50,100,1.0,1.0,1.0,0.35937785112429016,0.43095143898916016
family_stratified_random50_0935,50,100,1.0,1.0,1.0,0.2558315936975231,0.3020818065798843
family_stratified_random50_0936,50,100,1.0,1.0,1.0,0.3876299616087597,0.5669713294631871
family_stratified_random50_0937,50,100,1.0,1.0,1.0,0.3000921782449616,0.33255112242519635
family_stratified_random50_0938,50,100,1.0,1.0,1.0,0.538860289978041,0.7244744692442965
family_stratified_random50_0939,50,100,1.0,1.0,1.0,0.4931330717964204,0.6053559279503903
family_stratified_random50_0940,50,100,1.0,1.0,1.0,0.3568241396130712,0.4509123662100336
family_stratified_random50_0941,50,100,1.0,1.0,1.0,0.34889962450441175,0.47403461017496573
family_stratified_random50_0942,50,100,1.0,1.0,1.0,0.3711031195923525,0.43893092898539915
family_stratified_random50_0943,50,100,1.0,1.0,1.0,0.49475476690037445,0.5259030743953281
family_stratified_random50_0944,50,100,1.0,1.0,1.0,0.407535498598042,0.45756780348614573
family_stratified_random50_0945,50,100,1.0,1.0,1.0,0.37617503946561887,0.4480951538058314
family_stratified_random50_0946,50,100,1.0,1.0,1.0,0.38217582583803905,0.5142306429362519
family_stratified_random50_0947,50,100,1.0,1.0,1.0,0.5520666719262024,0.6494994230711022
family_stratified_random50_0948,50,100,1.0,1.0,1.0,0.6375526846619483,0.7714067439969383
family_stratified_random50_0949,50,100,1.0,1.0,1.0,0.1916891916349352,0.2625502151275179
family_stratified_random50_0950,50,100,1.0,1.0,1.0,0.5693384904699433,0.692033987781403
family_stratified_random50_0951,50,100,1.0,1.0,1.0,0.26479836176178684,0.32384452406727127
family_stratified_random50_0952,50,100,1.0,1.0,1.0,0.280754242664706,0.3623047911591685
family_stratified_random50_0953,50,100,1.0,1.0,1.0,0.32031680298258897,0.3660416686744264
family_stratified_random50_0954,50,100,1.0,1.0,1.0,0.13578188934576255,0.18818657145318143
family_stratified_random50_0955,50,100,1.0,1.0,1.0,0.38287707451895575,0.47949377535379434
family_stratified_random50_0956,50,100,1.0,1.0,1.0,0.26172773582387127,0.32829976990421855
family_stratified_random50_0957,50,100,1.0,1.0,1.0,0.2279030701054839,0.3017627332814815
family_stratified_random50_0958,50,100,1.0,1.0,1.0,0.20498552229266037,0.26746217518181353
family_stratified_random50_0959,50,100,1.0,1.0,1.0,0.2804845741082422,0.31115891027832493
family_stratified_random50_0960,50,100,1.0,1.0,1.0,0.6264426569751397,0.6914552853954747
family_stratified_random50_0961,50,100,0.9642857142857143,0.9047619047619048,0.9523809523809523,0.255266441118371,0.30529255974194075
family_stratified_random50_0962,50,100,1.0,1.0,1.0,0.4622382828086781,0.6137742528068748
family_stratified_random50_0963,50,100,1.0,1.0,1.0,0.538536971383097,0.7453959659711313
family_stratified_random50_0964,50,100,1.0,1.0,1.0,0.2590311945288318,0.31491252354856575
family_stratified_random50_0965,50,100,0.9642857142857143,0.9047619047619048,0.9523809523809523,0.5625995986554067,0.9066164750258642
family_stratified_random50_0966,50,100,1.0,1.0,1.0,0.30614874964188693,0.39099356837617766
family_stratified_random50_0967,50,100,1.0,1.0,1.0,0.3348197448836188,0.40700449135399674
family_stratified_random50_0968,50,100,1.0,1.0,1.0,0.4513844748799236,0.5477861679202027
family_stratified_random50_0969,50,100,1.0,1.0,1.0,0.31567334403857644,0.3733869120796989
family_stratified_random50_0970,50,100,1.0,1.0,1.0,0.7438873327987185,0.8047262812933434
family_stratified_random50_0971,50,100,1.0,1.0,1.0,0.2852058036277898,0.34137784291230727
family_stratified_random50_0972,50,100,1.0,1.0,1.0,0.7262475137256833,1.0070696912648076
family_stratified_random50_0973,50,100,1.0,1.0,1.0,0.2460270952060169,0.2869894666394784
family_stratified_random50_0974,50,100,1.0,1.0,1.0,0.42178713396355155,0.5284105478415813
family_stratified_random50_0975,50,100,1.0,1.0,1.0,0.2942070760652466,0.3203548585135201
family_stratified_random50_0976,50,100,1.0,1.0,1.0,0.27488391386701866,0.34069744061766993
family_stratified_random50_0977,50,100,1.0,1.0,1.0,0.4225241416861222,0.47763362924004643
family_stratified_random50_0978,50,100,1.0,1.0,1.0,0.35477536463395376,0.3800467474646281
family_stratified_random50_0979,50,100,1.0,1.0,1.0,0.2829407059820257,0.31240638444576757
family_stratified_random50_0980,50,100,1.0,1.0,1.0,0.290397436217014,0.4012970409252506
family_stratified_random50_0981,50,100,1.0,1.0,1.0,0.33198561536363713,0.3703576186954605
family_stratified_random50_0982,50,100,1.0,1.0,1.0,0.5882816332725457,0.6335755642536522
family_stratified_random50_0983,50,100,1.0,1.0,1.0,0.5406594465086945,0.5862918644936455
family_stratified_random50_0984,50,100,1.0,1.0,1.0,0.2446676630069627,0.283828598764699
family_stratified_random50_0985,50,100,1.0,1.0,1.0,0.19889142830836545,0.22109049914601017
family_stratified_random50_0986,50,100,1.0,1.0,1.0,0.2768232805409014,0.3291428411583636
family_stratified_random50_0987,50,100,1.0,1.0,1.0,0.3103492488238117,0.5042492185190043
family_stratified_random50_0988,50,100,1.0,1.0,1.0,0.28579327294393947,0.31329677971029707
family_stratified_random50_0989,50,100,1.0,1.0,1.0,0.28608508274413524,0.3735413866735096
family_stratified_random50_0990,50,100,1.0,1.0,1.0,0.27422607023078027,0.37725742438751325
family_stratified_random50_0991,50,100,1.0,1.0,1.0,0.4887683322068424,0.5762289346262368
family_stratified_random50_0992,50,100,1.0,1.0,1.0,0.21548547188335224,0.2726731216454092
family_stratified_random50_0993,50,100,1.0,1.0,1.0,0.2955092699693435,0.37148587536827155
family_stratified_random50_0994,50,100,1.0,1.0,1.0,0.5497933748464234,0.6655450496508997
family_stratified_random50_0995,50,100,1.0,1.0,1.0,0.30886139784266203,0.38548969507322356
family_stratified_random50_0996,50,100,1.0,1.0,1.0,0.3574777065738894,0.3957955470314307
family_stratified_random50_0997,50,100,1.0,1.0,1.0,0.39926195102725903,0.5433674633730732
family_stratified_random50_0998,50,100,0.9642857142857143,0.9047619047619048,0.9523809523809523,0.3838017118319115,0.42278435107186463
family_stratified_random50_0999,50,100,1.0,1.0,1.0,0.4564512963258686,0.6115466404920624
