dataset_id,global_index,dataset_name,family,subgroup,selection_mode,candidate_advantage_side,method_total,valid_method_count,valid_methods,missing_or_invalid_methods,mean_valid_nmse,median_valid_nmse,mean_id_nmse,median_id_nmse,mean_ood_nmse,median_ood_nmse,mean_log10_id_nmse,median_log10_id_nmse,mean_log10_ood_nmse,median_log10_ood_nmse,mean_id_r2,median_id_r2,mean_ood_r2,median_ood_r2,mean_runtime,median_runtime,mean_complexity,median_complexity,mean_expression_chars,status_ok,status_timed_out,timeout_budget_exhausted_with_output,timeout_partial_output,timeout_no_valid_output,timeout_not_timeout
g0001,1,feynman-iii.15.12,srsd,srsd/srsd-feynman_medium_dummy,strict,pysr,7,7,drsr;dso;gplearn;llmsr;pyoperon;pysr;tpsr,,1.053290e+241,1.993051e+22,3.926505e+241,9.775100e+22,8.606978e+238,3.649856e+19,67.2127,22.9901,65.3606,19.5623,-4.046600e+241,-1.007408e+23,-1.526089e+240,-6.471501e+20,3138.12,3609.06,12.2857,8,303.429,2,5,5,0,0,2
g0002,2,feynman-iii.15.14,srsd,srsd/srsd-feynman_medium_dummy,strict,pysr,7,7,drsr;dso;gplearn;llmsr;pyoperon;pysr;tpsr,,4.503146e+80,1.338547e+45,4.997137e+80,1.545051e+45,5.047362e+85,1.316023e+49,38.2414,45.1889,40.9915,49.1193,-5.523979e+80,-1.707944e+45,-5.073020e+85,-1.322713e+49,3137.94,3608.93,10.7143,11,260.143,2,5,5,0,0,2
g0003,3,feynman-ii.11.20,srsd,srsd/srsd-feynman_hard,strict,llmsr,7,7,drsr;dso;gplearn;llmsr;pyoperon;pysr;tpsr,,6.671577e+17,1.06177,1.192254e+18,1.06936,3.003130e+08,1.00005,4.08806,0.029123,1.70294,2.311860e-05,-1.192283e+18,-0.0693831,-3.003588e+08,-0.000205717,3134.78,3603.32,934.286,14,4986.29,2,5,5,0,0,2
g0004,4,feynman-iii.12.43,srsd,srsd/srsd-feynman_easy_dummy,strict,pysr,7,7,drsr;dso;gplearn;llmsr;pyoperon;pysr;tpsr,,1.407932e+78,25.4076,1.368309e+78,22.591,4.395435e+81,199.615,28.5122,1.35393,29.7362,2.30019,-5.546354e+78,-90.5711,-8.648003e+81,-391.741,3137.78,3608.15,8,11,250.143,2,5,5,0,0,2
g0005,5,feynman-ii.11.27,srsd,srsd/srsd-feynman_hard,strict,pysr,7,7,drsr;dso;gplearn;llmsr;pyoperon;pysr;tpsr,,2.487608e+79,1.03193,1.756658e+79,1,1.132342e+77,1,28.4767,0,27.4239,0,-1.899927e+79,-0.0815576,-2.790496e+78,-23.6436,3133.66,3603.32,10.5714,11,263.143,1,6,6,0,0,1
g0006,6,feynman-ii.11.27,srsd,srsd/srsd-feynman_hard_dummy,strict,pysr,7,7,drsr;dso;gplearn;llmsr;pyoperon;pysr;tpsr,,3.402659e+79,1,2.402833e+79,1,1.544090e+77,1,33.6772,0,32.63,0,-2.598803e+79,-0.0815576,-5.510586e+78,-34.6882,3135.47,3605.22,8.71429,11,269.429,2,5,5,0,0,2
g0007,7,CRK22,llm-srbench,llm-srbench/chem_react,strict,llmsr,7,6,drsr;dso;gplearn;llmsr;pyoperon;tpsr,pysr,2.1599,0.0233769,3.30319,0.0354578,1.288672e+05,837.981,-1.35424,-1.45029,2.77985,2.47084,-2.9841,0.957233,-8.139032e+06,-5.292448e+04,2878.14,3607.93,10.6667,8,290.333,3,4,3,1,0,3
g0008,8,feynman-ii.34.29a,srsd,srsd/srsd-feynman_medium_dummy,strict,pysr,7,7,drsr;dso;gplearn;llmsr;pyoperon;pysr;tpsr,,5.162478e+86,5.156799e+28,5.189128e+86,5.612928e+28,9.094796e+91,3.194802e+27,36.2511,28.7492,38.2912,27.5044,-5.189784e+86,-5.613637e+28,-9.094796e+91,-3.194803e+27,3137.98,3608.92,13.4286,11,279.143,2,5,5,0,0,2
g0009,9,feynman-ii.15.4,srsd,srsd/srsd-feynman_easy_dummy,strict,pysr,7,7,drsr;dso;gplearn;llmsr;pyoperon;pysr;tpsr,,2.035350e+92,1573.67,2.348795e+92,1798.23,3.629097e+86,81.7041,26.8828,3.25485,24.1104,1.91224,-2.349264e+92,-1797.59,-3.629615e+86,-80.7157,3134.4,3604.5,12.7143,18,302.429,2,5,5,0,0,2
g0010,10,feynman-bonus.7,srsd,srsd/srsd-feynman_hard,strict,pysr,7,7,drsr;dso;gplearn;llmsr;pyoperon;pysr;tpsr,,1.943761e+70,1,2.759693e+70,1,9.263684e+71,1,23.9541,0,24.4692,0,-3.812365e+70,-0.381445,-2.505489e+72,-1.70464,3137.47,3608.03,6.57143,3,234.571,2,5,5,0,0,2
g0011,11,feynman-i.25.13,srsd,srsd/srsd-feynman_easy_dummy,strict,pysr,7,7,drsr;dso;gplearn;llmsr;pyoperon;pysr;tpsr,,3.338050e+65,2.692446e+32,2.686308e+65,2.085483e+32,3.648126e+62,6.389922e+32,27.1294,32.3192,24.8044,32.8055,-2.686596e+65,-2.085707e+32,-3.660097e+62,-6.410891e+32,2633.01,3607.7,15.2857,10,282.286,3,4,4,0,0,3
g0012,12,feynman-i.26.2,srsd,srsd/srsd-feynman_easy_dummy,strict,pysr,7,6,drsr;dso;gplearn;llmsr;pysr;tpsr,pyoperon,7.647226e+37,1.51659,2.360429e+37,1.23934,1.786573e+42,1.03892,6.06742,0.0931912,8.61199,0.0165836,-2.431133e+37,-0.276466,-1.853511e+42,-0.0778495,2988.55,3605.69,9.33333,7,326,4,3,3,0,0,4
g0013,13,feynman-bonus.20,srsd,srsd/srsd-feynman_hard,strict,pysr,7,7,drsr;dso;gplearn;llmsr;pyoperon;pysr;tpsr,,1.537897e+111,1,9.600941e+110,1,5.918628e+111,1,32.0804,0,32.1698,0,-9.802726e+110,-0.0210172,-5.958309e+111,-0.00670446,3137.79,3608.1,8.71429,8,266.286,2,5,5,0,0,2
g0014,14,feynman-i.14.4,srsd,srsd/srsd-feynman_easy_dummy,strict,pysr,7,7,drsr;dso;gplearn;llmsr;pyoperon;pysr;tpsr,,5.654000e+42,1.001,3.412028e+42,1.00114,3.201589e+41,1.00176,15.8676,0.000494901,15.731,0.000764946,-3.773641e+42,-0.107243,-2.450614e+43,-75.6786,3137.85,3608.25,55.1429,17,922.286,2,5,5,0,0,2
g0015,15,feynman-i.41.16,srsd,srsd/srsd-feynman_hard,strict,pysr,7,7,drsr;dso;gplearn;llmsr;pyoperon;pysr;tpsr,,1.342505e+74,2.882414e+61,1.102476e+74,2.153848e+61,3.549786e+72,1.239525e+59,45.7742,61.3332,44.4551,59.0933,-1.218611e+74,-2.380735e+61,-1.010134e+74,-3.527219e+60,3135.45,3606.45,5.57143,1,239.714,2,5,5,0,0,2
g0016,16,first_principles_newton,srbench2025,srbench2025/firstprinciples,strict,pysr,7,7,drsr;dso;gplearn;llmsr;pyoperon;pysr;tpsr,,4.755656e+55,0.042847,1.389672e+55,0.00210065,2.693778e+53,0.0312591,12.5946,-2.67765,12.3313,-1.50502,-2.172576e+58,-2.2841,-4.275438e+54,0.50387,2828.46,3606.01,41,11,419.286,3,4,4,0,0,3
g0017,17,feynman-ii.11.28,srsd,srsd/srsd-feynman_hard,strict,pysr,7,7,drsr;dso;gplearn;llmsr;pyoperon;pysr;tpsr,,8.772631e+31,1.001868e-14,8.715365e+31,7.759776e-15,1.010171e+33,1.506022e-12,-4.21388,-14.1102,-2.35369,-11.8222,-1.129576e+46,-0.00572419,-2.704308e+46,-39.3174,2383.77,3603.86,10.7143,8,257.571,4,3,3,0,0,4
g0018,18,feynman-i.38.12,srsd,srsd/srsd-feynman_medium_dummy,strict,pysr,7,7,drsr;dso;gplearn;llmsr;pyoperon;pysr;tpsr,,3.733804e+80,5.484939e+52,3.472638e+80,5.177600e+52,1.825412e+85,1.980270e+57,44.6151,52.7141,48.0298,57.2967,-3.832258e+80,-5.713782e+52,-1.843805e+85,-2.000223e+57,3136.05,3607.8,10.7143,11,275.143,2,5,5,0,0,2
g0019,19,feynman-ii.15.5,srsd,srsd/srsd-feynman_easy_dummy,strict,pysr,7,7,drsr;dso;gplearn;llmsr;pyoperon;pysr;tpsr,,2.236439e+64,4.949377e+40,1.901326e+64,4.274255e+40,1.907439e+59,1.510720e+35,37.0678,40.6309,33.3634,35.1792,-1.902162e+64,-4.276135e+40,-1.911598e+59,-1.514014e+35,3136.23,3607.6,9.85714,12,279.286,2,5,5,0,0,2
g0020,20,feynman-i.29.4,srsd,srsd/srsd-feynman_medium_dummy,strict,pysr,7,7,drsr;dso;gplearn;llmsr;pyoperon;pysr;tpsr,,1.369141e+40,0.590954,1.120881e+40,0.575478,1.215557e+40,0.650535,8.13511,-0.239972,8.07108,-0.18673,-1.950943e+40,-0.00164441,-1.109264e+42,-58.365,3136.23,3607.59,97.8571,11,640.143,2,5,5,0,0,2
g0021,21,feynman-i.14.3,srsd,srsd/srsd-feynman_easy_dummy,strict,pysr,7,7,drsr;dso;gplearn;llmsr;pyoperon;pysr;tpsr,,5.974781e+21,0.0312384,7.145010e+21,0.0310143,2.079791e+24,0.0173004,1.44368,-1.50844,-0.132906,-1.76194,-7.145031e+21,0.968986,-2.842783e+26,-1.36473,3136.4,3607.65,15.5714,14,301.714,2,5,5,0,0,2
g0022,22,feynman-ii.11.20,srsd,srsd/srsd-feynman_hard_dummy,strict,llmsr,7,6,drsr;dso;gplearn;llmsr;pyoperon;pysr,tpsr,1.414363e+55,1.257534e+10,1.878518e+55,2.234869e+10,3.162120e+95,1.184914e+21,16.218,5.33428,28.4292,12.0054,-1.878562e+55,-2.234922e+10,-3.172988e+95,-1.188987e+21,3055.4,3605.93,716.833,20,3884.33,2,5,4,1,0,2
g0023,23,feynman-i.34.27,srsd,srsd/srsd-feynman_medium_dummy,strict,pysr,7,7,drsr;dso;gplearn;llmsr;pyoperon;pysr;tpsr,,2.894414e+105,1.016209e+80,2.297210e+105,8.065347e+79,2.530273e+105,8.883625e+79,56.3937,79.9066,56.0835,79.9486,-4.020972e+105,-1.411736e+80,-2.466666e+107,-8.660303e+81,3136.23,3607.63,11.8571,14,287.714,2,5,5,0,0,2
g0024,24,feynman-iii.13.18,srsd,srsd/srsd-feynman_medium_dummy,strict,pysr,7,7,drsr;dso;gplearn;llmsr;pyoperon;pysr;tpsr,,5.731752e+40,0.999159,2.700490e+40,1.00055,1.045394e+41,1.00002,8.52766,0.000238133,9.08707,9.128184e-06,-2.701414e+40,-0.000890833,-1.049593e+41,-0.00403791,3136.33,3607.57,68.1429,17,834.714,2,5,5,0,0,2
g0025,25,feynman-bonus.4,srsd,srsd/srsd-feynman_hard_dummy,strict,pysr,7,6,drsr;dso;gplearn;llmsr;pyoperon;pysr,tpsr,1.544417e+48,0.252914,1.955495e+48,0.252777,7.363937e+50,5.24231,15.4056,-0.598271,17.2041,0.683742,-4.203415e+48,0.456646,-1.376870e+51,-8.8018,3055.08,3605.38,120,21.5,1417,2,5,4,0,1,2
g0026,26,feynman-bonus.4,srsd,srsd/srsd-feynman_hard,strict,pysr,7,7,drsr;dso;gplearn;llmsr;pyoperon;pysr;tpsr,,5.236811e+275,0.281266,5.414363e+275,0.269968,3.675521e+280,8.6677,51.7726,-0.568688,54.0405,0.937904,-1.163839e+276,0.419693,-1.269936e+281,-28.9479,3134.09,3604.09,56,18,492.429,2,5,5,0,0,2
g0027,27,feynman-iii.17.37,srsd,srsd/srsd-feynman_medium_dummy,strict,pysr,7,7,drsr;dso;gplearn;llmsr;pyoperon;pysr;tpsr,,8.941671e+66,1,8.100306e+66,1,7.837794e+66,1,-66.3777,0,11.2477,0,-1.400899e+67,-0.72944,-9.319933e+68,-117.91,2629.05,3606.15,11.7143,17,301.857,3,4,4,0,0,3
g0028,28,feynman-i.18.16,srsd,srsd/srsd-feynman_easy_dummy,strict,pysr,7,7,drsr;dso;gplearn;llmsr;pyoperon;pysr;tpsr,,1.259483e+25,0.947961,1.304034e+25,0.939637,3.321052e+28,0.997631,2.09843,-0.0270401,-1.47102,-0.00103019,-1.308167e+25,0.0573852,-3.321208e+28,0.00232234,3135.34,3606.7,15.8571,8,336.714,2,5,5,0,0,2
g0029,29,feynman-ii.34.11,srsd,srsd/srsd-feynman_easy_dummy,strict,pysr,7,7,drsr;dso;gplearn;llmsr;pyoperon;pysr;tpsr,,3.552980e+23,1,1.591013e+23,1.00001,3.336828e+21,1.00028,3.73674,3.260008e-06,1.42108,0.000123106,-1.591214e+23,-0.000133931,-3.339121e+21,-0.00097087,3135.88,3608.53,545.714,23,8358.43,2,5,5,0,0,2
g0030,30,feynman-bonus.8,srsd,srsd/srsd-feynman_medium_dummy,strict,pysr,7,7,drsr;dso;gplearn;llmsr;pyoperon;pysr;tpsr,,3.066882e+28,1.00013,2.704867e+28,1.00074,7.181896e+27,2.614,6.07839,0.000322623,5.69767,0.417305,-4.653368e+28,-0.721647,-3.457562e+29,-124.845,2629.23,3608.03,5.85714,3,233.143,3,4,4,0,0,3
g0031,31,feynman-i.30.5,srsd,srsd/srsd-feynman_easy_dummy,strict,pysr,7,7,drsr;dso;gplearn;llmsr;pyoperon;pysr;tpsr,,1.030067e+64,1,1.265198e+62,1,7.780391e+61,1.00001,16.3528,7.212621e-10,17.1686,4.280712e-06,-1.272632e+62,-0.0058753,-7.797993e+61,-0.00227225,2752.71,3607.93,9.85714,9,306.286,3,4,4,0,0,3
g0032,32,feynman-i.41.16,srsd,srsd/srsd-feynman_hard_dummy,strict,llmsr,7,7,drsr;dso;gplearn;llmsr;pyoperon;pysr;tpsr,,1.579662e+122,1.611116e+74,1.348667e+122,1.351085e+74,9.264954e+124,1.143120e+72,63.686,74.1307,64.316,72.0581,-1.490737e+122,-1.493409e+74,-2.745594e+126,-3.387542e+73,3134.15,3605.6,17,10,365,2,5,5,0,0,2
g0033,33,feynman-iii.4.33,srsd,srsd/srsd-feynman_hard,strict,pysr,7,7,drsr;dso;gplearn;llmsr;pyoperon;pysr;tpsr,,6.229372e+42,4.263196e+34,9.693244e+42,5.814700e+34,8.629945e+42,4.135023e+33,22.1014,34.7645,21.7209,33.6165,-1.694908e+43,-1.016727e+35,-7.693704e+44,-3.686425e+35,2875.21,3601.97,8.85714,8,246.571,3,4,4,0,0,3
g0034,34,feynman-iii.4.33,srsd,srsd/srsd-feynman_hard_dummy,strict,pysr,7,7,drsr;dso;gplearn;llmsr;pyoperon;pysr;tpsr,,1.502429e+45,9.128867e+34,1.504287e+45,1.292165e+35,1.504887e+45,1.158357e+35,27.5103,35.1113,27.8962,35.0638,-2.630315e+45,-2.259410e+35,-1.329862e+47,-1.023635e+37,3127.71,3602.47,11.4286,9,294.429,3,4,4,0,0,3
g0035,35,feynman-i.37.4,srsd,srsd/srsd-feynman_hard_dummy,strict,pysr,7,7,drsr;dso;gplearn;llmsr;pyoperon;pysr;tpsr,,2.037794e+42,0.533796,2.298427e+42,0.515679,5.130565e+41,0.592112,10.8523,-0.28762,10.708,-0.227596,-4.465287e+42,-0.00183994,-5.677787e+43,-64.5266,3133.82,3604.65,13,14,298.286,2,5,5,0,0,2
g0036,36,feynman-ii.37.1,srsd,srsd/srsd-feynman_medium_dummy,strict,pysr,7,7,drsr;dso;gplearn;llmsr;pyoperon;pysr;tpsr,,8.732818e+42,1,1.176342e+43,1,4.169365e+37,1,11.2022,0,6.18096,3.606118e-07,-1.176343e+43,-1.042927e-06,-4.171870e+37,-0.000601786,2898.23,3604.88,12.4286,13,314.286,3,4,4,0,0,3
g0037,37,PO14,llm-srbench,llm-srbench/phys_osc,strict,llmsr,7,7,drsr;dso;gplearn;llmsr;pyoperon;pysr;tpsr,,5.000046e+33,1.00512,4.085265e+33,0.996966,1.197731e+38,1.19282,4.84617,-0.00131956,5.56619,0.0765745,-4.092848e+33,0.00118333,-1.846713e+38,-0.83914,2882.54,3604.34,14.7143,11,301.286,3,4,4,0,0,3
g0038,38,feynman-i.44.4,srsd,srsd/srsd-feynman_hard_dummy,strict,pysr,7,7,drsr;dso;gplearn;llmsr;pyoperon;pysr;tpsr,,2.381714e+35,0.861364,2.001973e+35,0.943967,2.550784e+35,3.22638,10.1969,-0.0250433,10.8483,0.508716,-2.002471e+35,0.0557986,-2.551218e+35,-2.22693,3133.87,3604.65,537.571,20,2594.71,2,5,5,0,0,2
g0039,39,feynman-ii.11.3,srsd,srsd/srsd-feynman_medium_dummy,strict,pysr,7,6,drsr;dso;gplearn;llmsr;pyoperon;pysr,tpsr,1.312050e+34,1.12686,5.131423e+36,55.5617,2.515266e+44,1.871434e+05,9.19275,1.49178,12.9062,4.69962,-5.138501e+36,-54.6383,-2.515394e+44,-1.871519e+05,3055.08,3604.63,14.3333,20,343.5,2,5,4,0,1,2
g0040,40,feynman-bonus.16,srsd,srsd/srsd-feynman_hard_dummy,strict,pysr,7,7,drsr;dso;gplearn;llmsr;pyoperon;pysr;tpsr,,7.774788e+36,0.66176,9.004510e+36,0.671927,2.057061e+34,0.987564,9.19238,-0.172678,8.63208,-0.00543491,-1.249296e+37,0.0677608,-1.000861e+35,-3.80498,3133.65,3604.73,101.571,20,1447.57,2,5,5,0,0,2
g0041,41,feynman-bonus.11,srsd,srsd/srsd-feynman_hard_dummy,strict,pysr,7,7,drsr;dso;gplearn;llmsr;pyoperon;pysr;tpsr,,4.512678e+25,0.0612904,4.075458e+25,0.0529715,2.504764e+29,0.0592734,-0.190573,-1.27596,-2.29186,-1.22714,-5.252513e+25,0.931729,-4.920683e+29,0.883556,2770.35,3604.52,18,7,375.286,3,4,4,0,0,3
g0042,42,feynman-bonus.5,srsd,srsd/srsd-feynman_hard,strict,pysr,7,7,drsr;dso;gplearn;llmsr;pyoperon;pysr;tpsr,,1.189501e+31,0.237124,1.266383e+31,0.284496,1.515972e+32,2.52588,4.85614,-0.545924,5.66625,0.402412,-1.586951e+31,0.643487,-7.318544e+33,-120.94,3133.33,3603.47,1351.14,25,6053.14,2,5,5,0,0,2
g0043,43,feynman-i.18.4,srsd,srsd/srsd-feynman_medium_dummy,strict,pysr,7,7,drsr;dso;gplearn;llmsr;pyoperon;pysr;tpsr,,268.305,0.528096,280.898,0.44736,728.985,0.489739,-1.94184,-0.349343,-2.61908,-0.310035,-280.157,0.552227,-729.066,0.509535,3133.52,3604.8,17.1429,17,326.429,2,5,5,0,0,2
g0044,44,feynman-bonus.5,srsd,srsd/srsd-feynman_hard_dummy,strict,pysr,7,7,drsr;dso;gplearn;llmsr;pyoperon;pysr;tpsr,,3.350709e+31,0.241761,3.204749e+31,0.2875,3.271238e+32,1.08548,7.67955,-0.541362,8.33701,0.0356216,-4.015990e+31,0.639723,-2.561455e+34,-83.9956,3133.26,3604.95,786.571,20,3364.29,2,5,5,0,0,2
g0045,45,feynman-i.11.19,srsd,srsd/srsd-feynman_medium_dummy,strict,pysr,7,7,drsr;dso;gplearn;llmsr;pyoperon;pysr;tpsr,,4.493815e+15,0.659699,4.350115e+15,0.68714,2.536661e+16,0.683772,-1.9072,-0.162955,-5.91952,-0.165088,-4.357580e+15,0.311681,-2.543654e+16,0.314343,3133.56,3604.19,15.5714,13,348.857,2,5,5,0,0,2
g0046,46,feynman-ii.15.4,srsd,srsd/srsd-feynman_easy,strict,pysr,7,7,drsr;dso;gplearn;llmsr;pyoperon;pysr;tpsr,,4.534295e+39,1573.67,6.223011e+39,1798.23,2.389109e+59,81.3036,11.0752,3.25485,11.9873,1.91011,-6.224253e+39,-1797.59,-2.391101e+59,-80.3714,2763.79,3604.29,10.1429,9,280.571,3,4,4,0,0,3
g0047,47,feynman-i.15.3x,srsd,srsd/srsd-feynman_hard_dummy,strict,pysr,7,7,drsr;dso;gplearn;llmsr;pyoperon;pysr;tpsr,,5.636569e+25,0.997773,7.307172e+25,0.997978,4.668915e+27,0.999945,4.27211,-0.000879038,6.83613,-2.401756e-05,-7.316459e+25,0.000753643,-4.669190e+27,-3.553589e-06,3134.19,3606.34,70.5714,14,679.429,2,5,5,0,0,2
g0048,48,feynman-bonus.17,srsd,srsd/srsd-feynman_hard,strict,pysr,7,7,drsr;dso;gplearn;llmsr;pyoperon;pysr;tpsr,,0.809166,0.910389,0.811355,0.916657,1.79161,0.999688,-4.46894,-0.0377929,-4.332,-0.000135403,0.108041,-0.00772358,-0.843067,-0.0283993,3134.4,3606.53,1068,20,5836.71,2,5,5,0,0,2
g0049,49,feynman-iii.15.27,srsd,srsd/srsd-feynman_easy_dummy,strict,pysr,7,7,drsr;dso;gplearn;llmsr;pyoperon;pysr;tpsr,,2.186871e+15,0.938495,6.696160e+15,0.897606,2.073077e+20,1.01136,1.38416,-0.0469144,2.61299,0.00490423,-6.697321e+15,0.102239,-2.073738e+20,-0.0116787,3133.54,3605.93,248.714,20,1222.57,2,5,5,0,0,2
g0050,50,feynman-i.24.6,srsd,srsd/srsd-feynman_medium_dummy,strict,pysr,7,7,drsr;dso;gplearn;llmsr;pyoperon;pysr;tpsr,,0.710025,0.909738,0.625042,0.816718,0.674085,0.98459,-2.28314,-0.0879278,-4.6263,-0.00674454,0.346868,0.146578,-17.8743,-26.5684,3133.57,3605.58,166.286,20,1310.86,2,5,5,0,0,2
g0051,51,feynman-bonus.10,srsd,srsd/srsd-feynman_hard_dummy,strict,pysr,7,7,drsr;dso;gplearn;llmsr;pyoperon;pysr;tpsr,,1.709252e+28,0.999992,1.696207e+28,1.00002,6.989823e+32,1,6.18249,6.551638e-06,8.1604,1.903405e-06,-1.699627e+28,-0.00203173,-6.993290e+32,-0.000500263,3134.87,3606.81,18.7143,17,322.286,2,5,5,0,0,2
g0052,52,feynman-i.18.12,srsd,srsd/srsd-feynman_easy_dummy,strict,pysr,7,7,drsr;dso;gplearn;llmsr;pyoperon;pysr;tpsr,,0.503629,0.862478,0.513316,0.866946,5.83293,1.4102,-5.83422,-0.0620081,-9.98551,0.149282,0.486676,0.133041,-4.84715,-0.41364,2670.61,3604.48,16.5714,9,310.857,3,4,4,0,0,3
g0053,53,feynman-ii.8.7,srsd,srsd/srsd-feynman_medium_dummy,strict,pysr,7,7,drsr;dso;gplearn;llmsr;pyoperon;pysr;tpsr,,1.802855e+109,0.891025,1.183377e+109,0.906434,2.614070e+104,0.997599,18.8959,-0.0426639,17.9295,-0.00104384,-1.308910e+109,-0.00258839,-2.780486e+104,-0.0611082,3134.38,3604.68,289.143,17,1945.43,2,5,5,0,0,2
g0054,54,feynman_II_2_42,srbench1.0,srbench1.0/feynman,strict,pysr,7,7,drsr;dso;gplearn;llmsr;pyoperon;pysr;tpsr,,0.315834,0.380674,0.320209,0.396901,0.547596,0.748807,-5.03847,-0.401318,-4.95451,-0.12563,0.67974,0.603035,0.452394,0.251178,3135.74,3605.26,23,17,347.286,2,5,5,0,0,2
g0055,55,feynman_II_34_11,srbench1.0,srbench1.0/feynman,strict,pysr,7,7,drsr;dso;gplearn;llmsr;pyoperon;pysr;tpsr,,0.148729,0.126451,0.145908,0.121827,0.309751,0.362194,-9.61259,-0.914257,-9.47605,-0.441059,0.687001,0.73866,0.612914,0.547378,3071.89,3604.52,22.5714,14,350.143,3,4,4,0,0,3
g0056,56,feynman_II_15_5,srbench1.0,srbench1.0/feynman,strict,pysr,7,7,drsr;dso;gplearn;llmsr;pyoperon;pysr;tpsr,,0.266579,0.25637,0.270627,0.257052,1.39345,0.617883,-9.25477,-0.589978,-8.98985,-0.209094,0.563136,0.585049,-1.41447,-0.0706262,2971.05,3605.14,19.5714,11,318.143,3,4,4,0,0,3
g0057,57,feynman_III_17_37,srbench1.0,srbench1.0/feynman,strict,pysr,7,7,drsr;dso;gplearn;llmsr;pyoperon;pysr;tpsr,,0.402971,0.336971,0.413537,0.332597,0.674467,0.44263,-13.1234,-0.478082,-13.4234,-0.353959,0.57101,0.654975,-0.512966,0.00709051,2955.91,3604.41,8.28571,8,249.286,3,4,4,0,0,3
g0058,58,feynman_II_36_38,srbench1.0,srbench1.0/feynman,strict,pysr,7,7,drsr;dso;gplearn;llmsr;pyoperon;pysr;tpsr,,0.0784671,0.0648,0.0843631,0.0724398,0.449818,0.52979,-5.346,-1.14002,-4.70007,-0.275896,0.741684,0.778193,0.355808,0.241279,3138.65,3610.96,27.1429,26,429.857,2,5,5,0,0,2
g0059,59,feynman_II_38_3,srbench1.0,srbench1.0/feynman,strict,pysr,7,7,drsr;dso;gplearn;llmsr;pyoperon;pysr;tpsr,,0.0945525,0.114986,0.0960693,0.122959,0.251527,0.359956,-9.88491,-0.910239,-9.72927,-0.44375,0.794528,0.737016,0.68574,0.550267,3135.78,3606.32,17.4286,14,315.571,2,5,5,0,0,2
g0060,60,feynman-i.27.6,srsd,srsd/srsd-feynman_easy_dummy,strict,pysr,7,7,drsr;dso;gplearn;llmsr;pyoperon;pysr;tpsr,,6.418910e+53,129.697,1.566780e+55,141.742,5.002842e+48,559.314,17.5515,2.1515,16.8699,2.74766,-2.318053e+55,-208.708,-1.058006e+49,-1181.84,3134.08,3604.14,18.5714,14,333.143,2,5,5,0,0,2
g0061,61,feynman-ii.38.3,srsd,srsd/srsd-feynman_easy_dummy,strict,pysr,7,7,drsr;dso;gplearn;llmsr;pyoperon;pysr;tpsr,,8.052343e+45,1.027497e+05,8.779335e+45,1.257566e+05,5.042578e+44,6250.33,16.7954,5.09953,14.2822,3.7959,-8.802713e+45,-1.260905e+05,-5.045673e+44,-6253.17,2912.3,3604.53,17.1429,13,344.143,3,4,4,0,0,3
g0062,62,Keijzer-7,keijzer,keijzer,strict,pysr,7,7,drsr;dso;gplearn;llmsr;pyoperon;pysr;tpsr,,0.00988669,6.126385e-10,0.00906909,6.999928e-10,0.024898,4.565354e-10,-15.9802,-9.15491,-15.8633,-9.34053,0.837978,1,-730.418,0.999987,2635.84,3604.88,9.14286,5,281,3,4,4,0,0,3
g0063,63,feynman-bonus.11,srsd,srsd/srsd-feynman_hard,strict,pysr,7,7,drsr;dso;gplearn;llmsr;pyoperon;pysr;tpsr,,0.152413,7.756549e-06,0.146548,7.756549e-06,0.185961,7.756549e-06,-8.98843,-5.11033,-8.64187,-5.11033,0.811127,0.99999,0.630929,0.999985,2642.43,3604.09,13.4286,14,317.143,3,4,4,0,0,3
g0064,64,feynman-i.39.10,srsd,srsd/srsd-feynman_medium_dummy,strict,pysr,7,7,drsr;dso;gplearn;llmsr;pyoperon;pysr;tpsr,,0.272003,9.694391e-05,0.268246,9.694436e-05,0.30544,9.695634e-05,-5.41698,-4.01348,-5.64733,-4.01342,0.672915,0.999882,-10.3653,0.996392,2795.11,3604.15,18.1429,17,370.714,3,4,4,0,0,3
g0065,65,feynman-i.50.26,srsd,srsd/srsd-feynman_hard,strict,pysr,7,7,drsr;dso;gplearn;llmsr;pyoperon;pysr;tpsr,,0.506497,0.704702,0.476617,0.662451,0.757143,1.02566,-4.90495,-0.178846,-4.02197,0.0110055,0.460541,0.250205,0.242689,-0.025892,3134.08,3604.68,25.1429,14,350.286,2,5,5,0,0,2
g0066,66,Nguyen-5,nguyen,nguyen,strict,pysr,7,7,drsr;dso;gplearn;llmsr;pyoperon;pysr;tpsr,,0.0245663,6.076238e-05,0.0167988,0.000706242,0.0782525,0.0226981,-7.04046,-3.15105,-5.89553,-1.64401,0.497879,0.97889,-366.136,-105.492,2902.26,3603.83,10.2857,9,240.571,3,4,4,0,0,3
g0067,67,Nguyen-6,nguyen,nguyen,strict,pysr,7,7,drsr;dso;gplearn;llmsr;pyoperon;pysr;tpsr,,0.0524094,0.0386895,0.00704149,0.00421777,0.158429,0.12842,-10.374,-2.37492,-9.71726,-0.891366,0.916056,0.949718,0.815697,0.850606,2615.11,3603.91,11.7143,9,256.429,4,3,3,0,0,4
g0068,68,Nguyen-9,nguyen,nguyen,strict,pysr,7,7,drsr;dso;gplearn;llmsr;pyoperon;pysr;tpsr,,0.0105944,0.0149356,0.14857,0.0612529,0.00402121,0.00456947,-9.34022,-1.21287,-10.787,-2.34013,-229.893,-94.1932,0.915388,0.903852,2824.83,3604.36,11.4286,8,282.429,3,4,4,0,0,3
g0069,69,feynman-ii.8.31,srsd,srsd/srsd-feynman_easy_dummy,strict,pysr,7,7,drsr;dso;gplearn;llmsr;pyoperon;pysr;tpsr,,2.335802e+25,1,2.247971e+25,1,2.656900e+24,1,8.51994,0,8.27916,0,-2.829589e+25,-0.25873,-1.148205e+26,-42.216,3134.33,3605,8.57143,11,266.429,2,5,5,0,0,2
g0070,70,III.21.20_3_0,llm-srbench,llm-srbench/lsrtransform,strict,pysr,7,7,drsr;dso;gplearn;llmsr;pyoperon;pysr;tpsr,,0.410063,0.311813,0.403689,0.282882,0.714963,0.999991,-2.53114,-0.548395,-3.88453,-3.906041e-06,0.55166,0.68583,0.28503,1.132312e-07,3135.97,3605.74,25.7143,18,370.714,2,5,5,0,0,2
g0071,71,feynman-ii.36.38,srsd,srsd/srsd-feynman_hard_dummy,strict,pysr,7,7,drsr;dso;gplearn;llmsr;pyoperon;pysr;tpsr,,6.692700e+11,1.00049,4.886649e+11,0.998362,4.589205e+07,0.999998,1.78538,-0.000712079,1.09084,-6.566415e-07,-4.894007e+11,0.00013506,-4.590305e+07,-0.000238078,3134.3,3604.36,392.429,26,1870,2,5,5,0,0,2
g0072,72,feynman-i.43.31,srsd,srsd/srsd-feynman_medium,strict,pysr,7,7,drsr;dso;gplearn;llmsr;pyoperon;pysr;tpsr,,3.301448e+23,1,2.733596e+23,1,1.889036e+22,1,6.51781,0,5.83383,0,-3.372848e+23,-0.23385,-9.606341e+23,-49.8531,3133.72,3604.38,10.4286,8,256.286,2,5,5,0,0,2
g0073,73,feynman-i.43.31,srsd,srsd/srsd-feynman_medium_dummy,strict,pysr,7,7,drsr;dso;gplearn;llmsr;pyoperon;pysr;tpsr,,3.581887e+23,1,2.935196e+23,1,1.455417e+22,1,8.85738,0,8.29952,0,-3.621592e+23,-0.23385,-4.309876e+23,-28.6126,3133.25,3602.71,7.28571,7,245,2,5,5,0,0,2
g0074,74,feynman-iii.4.32,srsd,srsd/srsd-feynman_medium_dummy,strict,pysr,7,7,drsr;dso;gplearn;llmsr;pyoperon;pysr;tpsr,,3.305582e+120,0.581069,3.424905e+120,0.593297,7.214323e+134,14.8328,23.7271,-0.226728,27.9594,1.17122,-4.232741e+120,0.266761,-7.464344e+134,-14.3469,3134.75,3607.01,506.286,14,2368.71,2,5,5,0,0,2
g0075,75,feynman-bonus.3,srsd,srsd/srsd-feynman_hard_dummy,strict,pysr,7,7,drsr;dso;gplearn;llmsr;pyoperon;pysr;tpsr,,3.138052e+18,0.226387,3.398541e+18,0.211166,1.052561e+22,0.617541,3.51443,-0.675376,3.70734,-0.209334,-5.220537e+18,0.675625,-2.093696e+22,-0.228379,3134.85,3607.29,2077.71,20,1.048214e+04,2,5,5,0,0,2
g0076,76,feynman-bonus.17,srsd,srsd/srsd-feynman_hard_dummy,strict,pysr,7,7,drsr;dso;gplearn;llmsr;pyoperon;pysr;tpsr,,2.769167e+78,1.00002,2.316303e+78,1,2.400066e+75,0.99999,9.25332,1.261927e-06,6.36904,-4.186265e-06,-2.546418e+78,-0.099349,-2.454556e+75,-0.0226939,3135.14,3606.28,825.571,23,4159.71,2,5,5,0,0,2
g0077,77,I.40.1_4_0,llm-srbench,llm-srbench/lsrtransform,strict,pysr,7,7,drsr;dso;gplearn;llmsr;pyoperon;pysr;tpsr,,0.427171,0.496656,0.410962,0.480807,0.845205,0.973632,-2.32896,-0.318029,-4.52282,-0.011605,0.547002,0.470013,0.0731856,-0.0676422,3140.15,3611.69,20.2857,20,361.571,2,5,5,0,0,2
g0078,78,III.21.20_2_0,llm-srbench,llm-srbench/lsrtransform,strict,pysr,7,6,drsr;dso;gplearn;llmsr;pysr;tpsr,pyoperon,0.113177,0.146406,0.115197,0.15473,0.348609,0.35026,-3.42439,-0.814517,-5.74695,-0.457219,0.794412,0.723858,0.593226,0.591299,3657.79,3609.64,38.6667,17,463.333,2,5,5,0,0,2
g0079,79,I.11.19_5_0,llm-srbench,llm-srbench/lsrtransform,strict,pysr,7,7,drsr;dso;gplearn;llmsr;pyoperon;pysr;tpsr,,0.0604637,0.0620956,0.0610921,0.0612358,0.254504,0.117024,-3.23753,-1.21299,-5.17289,-0.931725,0.820767,0.820345,0.593836,0.813241,3138.11,3609.47,47.2857,20,487.429,2,5,5,0,0,2
g0080,80,II.37.1_2_0,llm-srbench,llm-srbench/lsrtransform,strict,pysr,7,7,drsr;dso;gplearn;llmsr;pyoperon;pysr;tpsr,,0.127372,0.113071,0.127972,0.111446,0.704914,0.589559,-3.37592,-0.952937,-4.84858,-0.229473,0.766525,0.796677,0.11526,0.260042,3135.3,3606.48,38,18,400.286,2,5,5,0,0,2
g0081,81,II.36.38_4_0,llm-srbench,llm-srbench/lsrtransform,strict,pysr,7,7,drsr;dso;gplearn;llmsr;pyoperon;pysr;tpsr,,8.58951,0.247566,8.92921,0.268224,28.7897,0.724112,-2.23257,-0.571502,-4.25489,-0.140194,-12.0976,0.606563,-29.8035,0.225236,3137.42,3608.42,58.1429,26,627.571,2,5,5,0,0,2
g0082,82,II.34.2_1_0,llm-srbench,llm-srbench/lsrtransform,strict,pysr,7,7,drsr;dso;gplearn;llmsr;pyoperon;pysr;tpsr,,0.103493,0.10401,0.101234,0.102127,0.307095,0.327905,-3.98713,-0.990859,-5.3317,-0.484252,0.798915,0.797141,0.606184,0.579497,3135.33,3606.3,33.1429,18,374.714,2,5,5,0,0,2
g0083,83,feynman-i.12.11,srsd,srsd/srsd-feynman_medium_dummy,strict,pysr,7,7,drsr;dso;gplearn;llmsr;pyoperon;pysr;tpsr,,7.071247e+14,0.110046,1.510116e+15,0.151707,8.927077e+15,0.316482,-0.365317,-0.818995,-0.252553,-0.499652,-1.511815e+15,0.848122,-8.927082e+15,0.683518,3133.46,3604.24,19.8571,23,363.143,2,5,5,0,0,2
g0084,84,feynman-ii.21.32,srsd,srsd/srsd-feynman_medium_dummy,strict,pysr,7,7,drsr;dso;gplearn;llmsr;pyoperon;pysr;tpsr,,8.916774e+13,0.878736,7.536240e+13,0.842062,7.529879e+18,10.0503,1.71438,-0.074656,4.50601,1.00218,-7.539082e+13,0.157621,-7.529898e+18,-9.05031,3133.61,3604.59,562.286,20,3521.71,2,5,5,0,0,2
g0085,85,feynman-i.12.1,srsd,srsd/srsd-feynman_easy_dummy,strict,pysr,7,7,drsr;dso;gplearn;llmsr;pyoperon;pysr;tpsr,,0.0912062,9.691505e-07,0.10422,9.691210e-07,0.126279,9.691350e-07,-7.62714,-6.01362,-14.7833,-6.01362,0.870223,0.999999,-3.4185,0.999966,2596.78,3602.61,10.1429,10,267,4,3,3,0,0,4
g0086,86,feynman-i.10.7,srsd,srsd/srsd-feynman_medium_dummy,strict,pysr,7,7,drsr;dso;gplearn;llmsr;pyoperon;pysr;tpsr,,1.243193e+11,9.513269e-05,1.350125e+11,0.000103221,2.946534e+11,0.00757755,-1.13876,-3.98623,0.124298,-2.12047,-2.377560e+11,0.999818,-2.044915e+13,0.474113,3133.29,3603.61,16,11,283.714,2,5,5,0,0,2
g0087,87,feynman-bonus.7,srsd,srsd/srsd-feynman_hard_dummy,strict,pysr,7,7,drsr;dso;gplearn;llmsr;pyoperon;pysr;tpsr,,1.943761e+70,10.857,2.759693e+70,14.9501,1.613083e+72,4.291629e+05,23.6503,1.17464,25.0602,5.63262,-3.812365e+70,-19.6527,-2.162276e+74,-5.752765e+07,3133.24,3603.45,18.4286,14,345.286,2,5,5,0,0,2
g0088,88,strogatz_lv1,srbench1.0,srbench1.0/strogatz,strict,pysr,7,7,drsr;dso;gplearn;llmsr;pyoperon;pysr;tpsr,,19.702,6.68854,9.42921,0.809928,43.9598,0.225217,-3.7303,-0.0915533,-4.51329,-0.647398,-8.97667,0.143047,-74.5533,0.612922,3013.26,3602.47,16.4286,10,290.714,3,4,4,0,0,3
g0089,89,strogatz_lv2,srbench1.0,srbench1.0/strogatz,strict,pysr,7,7,drsr;dso;gplearn;llmsr;pyoperon;pysr;tpsr,,0.986567,0.950777,0.241254,0.127427,0.3071,0.265624,-4.73201,-0.89474,-5.19346,-0.575733,0.754419,0.870288,0.55425,0.614452,2939.42,3602.71,15.2857,10,291,3,4,4,0,0,3
g0090,90,Korns-1,korns,korns,strict,llmsr,7,7,drsr;dso;gplearn;llmsr;pyoperon;pysr;tpsr,,0.315587,1.657640e-06,0.457111,8.286892e-06,0.397384,2.840513e-05,-8.33518,-5.08161,-8.25876,-4.5466,0.539165,0.999992,0.602615,0.999972,3134.69,3605.21,36.7143,17,549.571,2,5,5,0,0,2
g0091,91,strogatz_shearflow2,srbench1.0,srbench1.0/strogatz,strict,pysr,7,7,drsr;dso;gplearn;llmsr;pyoperon;pysr;tpsr,,0.371353,0.203085,0.370309,0.347398,3.96452,1.09105,-2.85738,-0.459172,-2.61429,0.0378455,0.614196,0.638065,-3.15441,-0.143309,2940.5,3602.36,15,9,266.857,3,4,4,0,0,3
g0092,92,strogatz_glider2,srbench1.0,srbench1.0/strogatz,strict,pysr,7,7,drsr;dso;gplearn;llmsr;pyoperon;pysr;tpsr,,0.00974675,0.0111772,0.0104453,0.0144302,0.706725,0.989235,-7.74996,-1.84073,-5.69147,-0.00470051,0.915768,0.883634,0.287638,0.00287579,2617.67,3602.33,9.85714,9,244.143,4,3,3,0,0,4
g0093,93,Nguyen-11,nguyen,nguyen,strict,pysr,7,7,drsr;dso;gplearn;llmsr;pyoperon;pysr;tpsr,,0.028649,0.00478411,0.00758559,0.000625771,0.0164269,0.0179167,-5.3134,-3.20358,-3.8046,-1.74674,-36.0503,-2.05645,0.914698,0.906962,2797.06,3602.9,14.2857,9,284.571,3,4,4,0,0,3
g0094,94,first_principles_planck,srbench2025,srbench2025/firstprinciples,strict,pysr,7,7,drsr;dso;gplearn;llmsr;pyoperon;pysr;tpsr,,2.408085e+07,0.597527,2.533991e+07,0.733429,1.077649e+08,0.871245,0.803532,-0.134642,0.849882,-0.0598597,-7.800675e+07,-1.2578,-9.629916e+09,-76.8548,2992.85,3602.6,140.143,14,808.286,3,4,4,0,0,3
g0095,95,strogatz_bacres2,srbench1.0,srbench1.0/strogatz,strict,pysr,7,7,drsr;dso;gplearn;llmsr;pyoperon;pysr;tpsr,,0.0280476,0.00148205,0.0308176,0.00247297,0.578935,0.597726,-4.36436,-2.60678,-2.13839,-0.223498,0.816216,0.985252,0.421065,0.402273,2923.96,3602.52,15.2857,11,280.857,3,4,4,0,0,3
g0096,96,strogatz_predprey2,srbench1.0,srbench1.0/strogatz,strict,pysr,7,7,drsr;dso;gplearn;llmsr;pyoperon;pysr;tpsr,,0.0617299,0.0641798,0.0727866,0.0599507,0.554208,0.674394,-2.83515,-1.22221,-1.99098,-0.171086,0.905763,0.922382,0.312794,0.163766,3133.26,3605.41,18.7143,13,286.714,2,5,5,0,0,2
g0097,97,Keijzer-1,keijzer,keijzer,strict,pysr,7,7,drsr;dso;gplearn;llmsr;pyoperon;pysr;tpsr,,0.667789,0.852668,0.584766,0.448969,2.96712,2.02663,-1.78816,-0.347784,-1.67807,0.306774,0.305583,0.466843,-10.8722,-7.10905,2836.42,3602.66,10.2857,9,272.571,3,4,4,0,0,3
g0098,98,strogatz_barmag1,srbench1.0,srbench1.0/strogatz,strict,pysr,7,7,drsr;dso;gplearn;llmsr;pyoperon;pysr;tpsr,,0.141271,0.0365705,0.145508,0.0403668,0.609392,0.814309,-2.52719,-1.39398,-1.84303,-0.0892105,0.701354,0.91715,-0.0396575,-0.389259,3134,3604.68,16.2857,9,268.429,2,5,5,0,0,2
g0099,99,Keijzer-2,keijzer,keijzer,strict,pysr,7,7,drsr;dso;gplearn;llmsr;pyoperon;pysr;tpsr,,1.1092,1.22942,0.63534,0.771198,1.83876,1.33764,-1.6074,-0.112834,-1.27923,0.126338,0.339323,0.198048,-7.68119,-5.31529,2879.79,3602.68,8.57143,8,248.857,3,4,4,0,0,3
g0100,100,PO18,llm-srbench,llm-srbench/phys_osc,strict,pysr,7,7,drsr;dso;gplearn;llmsr;pyoperon;pysr;tpsr,,0.0251355,0.0400071,0.0221916,0.0353081,0.0319624,0.045623,-3.84715,-1.45213,-3.74081,-1.34082,0.977713,0.96454,0.965537,0.950808,2989.74,3602.83,10.8571,11,292,3,4,4,0,0,3
g0101,101,PO21,llm-srbench,llm-srbench/phys_osc,strict,pysr,7,7,drsr;dso;gplearn;llmsr;pyoperon;pysr;tpsr,,8.44975,0.181966,8.75255,0.195242,28.8259,0.489405,-1.86168,-0.709426,-1.69827,-0.310332,-7.75554,0.804691,-29.8789,0.475739,3133.78,3605.65,10,10,282.143,2,5,5,0,0,2
g0102,102,CRK23,llm-srbench,llm-srbench/chem_react,strict,llmsr,7,7,drsr;dso;gplearn;llmsr;pyoperon;pysr;tpsr,,0.298876,0.0967361,0.299794,0.089518,1270.92,234.986,-1.95491,-1.04809,1.0512,2.37104,0.639222,0.892272,-4145.84,-765.73,3133.68,3606.09,13.7143,8,273.143,2,5,5,0,0,2
g0103,103,BPG9,llm-srbench,llm-srbench/bio_pop_growth,strict,llmsr,7,7,drsr;dso;gplearn;llmsr;pyoperon;pysr;tpsr,,2.783323e+05,0.963135,1.792089e+05,0.961496,9.973177e+09,330.712,1.04905,-0.0170524,3.72744,2.51945,-2.031698e+05,-0.0900577,-1.079860e+10,-357.083,3136.22,3607.38,12.8571,8,287.857,2,5,5,0,0,2
g0104,104,PO27,llm-srbench,llm-srbench/phys_osc,strict,llmsr,7,7,drsr;dso;gplearn;llmsr;pyoperon;pysr;tpsr,,0.962121,0.0412373,1.01066,0.046341,1.43907,0.0193419,-0.805432,-1.33403,-1.0214,-1.7135,-0.0126093,0.95357,-1.2259,0.970083,3135.88,3607.4,13.8571,11,306,2,5,5,0,0,2
g0105,105,BPG7,llm-srbench,llm-srbench/bio_pop_growth,strict,llmsr,7,7,drsr;dso;gplearn;llmsr;pyoperon;pysr;tpsr,,3.035018e+04,0.494948,1.618057e+04,0.46321,3.305934e+09,775.923,-0.0875414,-0.334222,2.9497,2.88982,-1.803069e+04,0.483797,-3.532379e+09,-828.071,3136.32,3607.45,15.8571,13,277.429,2,5,5,0,0,2
g0106,106,Korns-4,korns,korns,strict,llmsr,7,7,drsr;dso;gplearn;llmsr;pyoperon;pysr;tpsr,,0.00241795,0.00144949,0.00244412,0.00155887,0.00261827,0.00170276,-2.76022,-2.80719,-2.70754,-2.76885,-0.603329,-0.0226098,-0.620946,-0.0541596,3135.9,3607.55,11.8571,8,373.286,2,5,5,0,0,2
g0107,107,BPG16,llm-srbench,llm-srbench/bio_pop_growth,strict,llmsr,7,7,drsr;dso;gplearn;llmsr;pyoperon;pysr;tpsr,,6854.59,0.710605,7181.63,0.785204,1.436618e+08,85.0144,0.157412,-0.105017,2.27161,1.92949,-7402.4,0.190549,-1.531358e+08,-89.6208,3134.58,3606.55,13.4286,12,276.429,2,5,5,0,0,2
g0108,108,BPG8,llm-srbench,llm-srbench/bio_pop_growth,strict,llmsr,7,7,drsr;dso;gplearn;llmsr;pyoperon;pysr;tpsr,,0.348841,0.159184,0.464729,0.564169,167.922,5.44493,-1.55064,-0.24859,0.378182,0.735993,0.509639,0.404714,-179.863,-4.86455,3134.64,3607.32,22.5714,19,333,2,5,5,0,0,2
g0109,109,BPG0,llm-srbench,llm-srbench/bio_pop_growth,strict,llmsr,7,7,drsr;dso;gplearn;llmsr;pyoperon;pysr;tpsr,,2.26844,0.511217,1.82595,0.487183,2.869457e+04,359.809,-0.949398,-0.312308,2.11996,2.55607,-1.07392,0.446657,-3.018528e+04,-377.514,3134.72,3607.37,19,15,301.286,2,5,5,0,0,2
g0110,110,CRK5,llm-srbench,llm-srbench/chem_react,strict,llmsr,7,7,drsr;dso;gplearn;llmsr;pyoperon;pysr;tpsr,,0.565253,0.00019582,0.510162,0.000199094,3.73693,0.0030943,-2.5757,-3.70094,-1.65933,-2.50944,-13.1517,0.994477,-6442.1,-4.33509,3134.32,3607.52,14,9,289.571,2,5,5,0,0,2
g0111,111,CRK16,llm-srbench,llm-srbench/chem_react,strict,llmsr,7,7,drsr;dso;gplearn;llmsr;pyoperon;pysr;tpsr,,1.56805,0.0316581,1.83875,0.0376786,1.511369e+06,5867.35,-0.988191,-1.42391,4.36174,3.76844,-1.51268,0.948512,-5.722327e+07,-2.221479e+05,3135.33,3607.4,19.5714,11,343.571,2,5,5,0,0,2
g0112,112,CRK15,llm-srbench,llm-srbench/chem_react,strict,llmsr,7,7,drsr;dso;gplearn;llmsr;pyoperon;pysr;tpsr,,0.383036,0.0145437,0.350428,0.0117867,7.6327,0.0663944,-1.5022,-1.92861,-1.03159,-1.17787,-0.664061,0.944029,-1437.8,-11.5157,3135.09,3607.29,15.5714,14,275.143,2,5,5,0,0,2
g0113,113,Nguyen-7,nguyen,nguyen,strict,llmsr,7,7,drsr;dso;gplearn;llmsr;pyoperon;pysr;tpsr,,0.000316262,0.000395592,0.000794539,0.00101138,0.00202669,0.00251346,-3.34457,-2.99508,-2.85034,-2.59973,0.963062,0.952981,-2.65275,-3.53006,3134.81,3607.47,11.1429,10,266.429,2,5,5,0,0,2
g0114,114,Korns-8,korns,korns,strict,llmsr,7,7,drsr;dso;gplearn;llmsr;pyoperon;pysr;tpsr,,0.194487,0.287787,8.99715,0.284009,114.577,0.299428,-0.280481,-0.546668,-0.0203526,-0.523708,-31.6387,-0.0302917,-446.915,-0.170552,3134.92,3607.5,412.429,17,2280.71,2,5,5,0,0,2
g0115,115,MatSci23,llm-srbench,llm-srbench/matsci,strict,llmsr,7,7,drsr;dso;gplearn;llmsr;pyoperon;pysr;tpsr,,0.034844,0.00640204,0.0364346,0.00592376,0.0413288,0.00310083,-2.72556,-2.2274,-2.41869,-2.50852,0.920468,0.987069,-10.3667,0.14718,3134.6,3607.13,45.4286,10,415,2,5,5,0,0,2
g0116,116,Korns-2,korns,korns,strict,llmsr,7,7,drsr;dso;gplearn;llmsr;pyoperon;pysr;tpsr,,5.24222,4.13174,14.2283,1.07392,1.58439,1.04534,-0.00916886,0.0309701,-0.251007,0.0192561,-13.2349,-0.0744109,-0.584567,-0.0454513,3135.21,3607.02,29,17,437.286,2,5,5,0,0,2
g0117,117,PO37,llm-srbench,llm-srbench/phys_osc,strict,llmsr,7,7,drsr;dso;gplearn;llmsr;pyoperon;pysr;tpsr,,168.827,0.41901,137.315,0.362975,2247.54,0.0777912,-0.279889,-0.440124,-0.477406,-1.10907,-136.562,0.636374,-2246.54,0.922209,3133.42,3603.48,20.2857,17,322,2,5,5,0,0,2
g0118,118,BPG14,llm-srbench,llm-srbench/bio_pop_growth,strict,llmsr,7,7,drsr;dso;gplearn;llmsr;pyoperon;pysr;tpsr,,0.292881,0.292046,0.266049,0.254319,1654.3,514.369,-1.2684,-0.594621,2.23301,2.71127,0.527895,0.548709,-1.535107e+05,-4.773003e+04,3133.24,3602.87,25.5714,16,307,2,5,5,0,0,2
g0119,119,first_principles_kepler,srbench2025,srbench2025/firstprinciples,strict,llmsr,7,7,drsr;dso;gplearn;llmsr;pyoperon;pysr;tpsr,,808.82,5.85571,0.404619,0.10746,4.409194e+122,0.0642774,-1.14534,-0.968753,16.6552,-1.19194,,,,,2941.09,3602.73,37.5714,12,417.143,3,4,4,0,0,3
g0120,120,feynman_test_8,srbench1.0,srbench1.0/feynman,relaxed,llmsr,7,7,drsr;dso;gplearn;llmsr;pyoperon;pysr;tpsr,,0.0134879,0.0115261,0.0137475,0.0117731,0.069989,0.0692777,-1.92488,-1.92911,-1.17898,-1.15941,0.854938,0.875772,0.762609,0.765022,3135.45,3604.71,17.5714,14,296.571,2,5,5,0,0,2
g0121,121,CRK6,llm-srbench,llm-srbench/chem_react,strict,llmsr,7,7,drsr;dso;gplearn;llmsr;pyoperon;pysr;tpsr,,0.0255171,0.00482159,0.0281082,0.00466353,2.58229,0.288284,-2.28532,-2.33129,-0.458296,-0.54018,0.874163,0.979122,-171.328,-18.2385,3133.67,3604.79,18.8571,14,339.286,2,5,5,0,0,2
g0122,122,feynman_I_27_6,srbench1.0,srbench1.0/feynman,relaxed,llmsr,7,7,drsr;dso;gplearn;llmsr;pyoperon;pysr;tpsr,,0.0153116,0.0200453,0.015321,0.0206299,0.10636,0.145146,-10.1958,-1.6855,-9.68306,-0.838196,0.912174,0.881741,0.774697,0.692536,2933.22,3604.7,14.1429,11,282.429,3,4,4,0,0,3
g0123,123,feynman_I_6_2,srbench1.0,srbench1.0/feynman,relaxed,llmsr,7,7,drsr;dso;gplearn;llmsr;pyoperon;pysr;tpsr,,0.0619858,0.0299758,0.0614645,0.0307016,0.203766,0.144703,-1.76638,-1.51284,-1.09546,-0.839522,0.509853,0.755171,0.472922,0.625698,3134.9,3604.83,14,14,257,2,5,5,0,0,2
g0124,124,I.13.12_3_0,llm-srbench,llm-srbench/lsrtransform,relaxed,llmsr,7,7,drsr;dso;gplearn;llmsr;pyoperon;pysr;tpsr,,1.02462,1.00348,1.00013,1,1.526601e+08,8.22188,5.598296e-05,-3.358579e-08,2.012,0.914971,-0.000140959,-1.191195e-05,-1.551300e+08,-7.35491,3135.9,3605.57,19.2857,17,350.714,2,5,5,0,0,2
g0125,125,II.36.38_5_0,llm-srbench,llm-srbench/lsrtransform,relaxed,llmsr,7,7,drsr;dso;gplearn;llmsr;pyoperon;pysr;tpsr,,1.01619,1.00006,1.42181,1.00057,1.00018,1.00014,0.087803,0.00024717,7.939915e-05,6.208205e-05,-0.422158,-0.000811307,-0.000251242,-0.000211344,3136.9,3607.59,26.2857,26,461.429,2,5,5,0,0,2
g0126,126,feynman_I_6_2b,srbench1.0,srbench1.0/feynman,relaxed,llmsr,7,7,drsr;dso;gplearn;llmsr;pyoperon;pysr;tpsr,,0.0264356,0.0301128,0.0259182,0.0298493,0.362366,0.391901,-1.82185,-1.52507,-0.610751,-0.406824,0.702079,0.656893,0.139165,0.0690009,3135.57,3604.68,17.8571,18,307,2,5,5,0,0,2
g0127,127,feynman_test_7,srbench1.0,srbench1.0/feynman,relaxed,llmsr,7,7,drsr;dso;gplearn;llmsr;pyoperon;pysr;tpsr,,0.00136216,0.000786872,0.0013717,0.000800069,0.0122837,0.0135926,-3.09794,-3.09687,-1.99756,-1.8667,0.971286,0.983252,0.92072,0.912273,3135.37,3605.75,22.8571,17,362.143,2,5,5,0,0,2
g0128,128,feynman_test_4,srbench1.0,srbench1.0/feynman,relaxed,llmsr,7,7,drsr;dso;gplearn;llmsr;pyoperon;pysr;tpsr,,0.0038229,0.00183964,0.00395632,0.0019813,0.0286465,0.0306293,-2.60211,-2.70305,-1.5724,-1.51386,0.868236,0.934013,0.723234,0.704077,3135.4,3605.2,23.7143,20,339.571,2,5,5,0,0,2
g0129,129,Korns-5,korns,korns,strict,llmsr,7,7,drsr;dso;gplearn;llmsr;pyoperon;pysr;tpsr,,0.0507868,0.0574821,0.055785,0.0672489,0.0385292,0.0455095,-1.69574,-1.17232,-1.75176,-1.3419,0.1727,0.00268974,0.113663,-0.0469149,3132.74,3602.83,14.2857,16,351.429,2,5,5,0,0,2
g0130,130,Keijzer-10,keijzer,keijzer,strict,llmsr,7,5,drsr;gplearn;llmsr;pyoperon;tpsr,dso;pysr,0.018184,0.018416,0.0128106,0.0137464,0.019927,0.0209401,-1.92491,-1.86181,-1.74031,-1.67902,0.902264,0.895124,0.869661,0.863034,2588.05,3603.13,14.4,9,368.4,3,4,2,2,0,3
g0131,131,II.6.15b_3_0,llm-srbench,llm-srbench/lsrtransform,relaxed,llmsr,7,7,drsr;dso;gplearn;llmsr;pyoperon;pysr;tpsr,,0.210131,0.247269,0.184631,0.216517,0.24852,0.182693,-0.755976,-0.664508,-0.670513,-0.738279,0.322769,0.205808,-0.421892,-0.0452632,3133.91,3604.19,15.8571,14,367.571,2,5,5,0,0,2
g0132,132,CRK19,llm-srbench,llm-srbench/chem_react,strict,llmsr,7,7,drsr;dso;gplearn;llmsr;pyoperon;pysr;tpsr,,0.174684,0.00805075,0.182801,0.00654193,0.396411,0.210975,-1.93822,-2.18429,-0.847482,-0.675769,0.688861,0.988865,-177.742,-94.1288,2993.65,3603.74,14.1429,13,278.857,3,4,4,0,0,3
g0133,133,feynman_III_10_19,srbench1.0,srbench1.0/feynman,relaxed,llmsr,7,7,drsr;dso;gplearn;llmsr;pyoperon;pysr;tpsr,,0.0285603,0.00659098,0.0283816,0.00635656,0.0762668,0.0465613,-2.09124,-2.19678,-1.31424,-1.33197,0.826078,0.961047,0.81016,0.884102,3136.2,3607.21,33.7143,14,367.571,2,5,5,0,0,2
g0134,134,Korns-11,korns,korns,strict,llmsr,7,7,drsr;dso;gplearn;llmsr;pyoperon;pysr;tpsr,,0.722721,0.730636,0.63642,0.531932,0.739008,0.68216,-0.205843,-0.274144,-0.137427,-0.166114,-0.290512,-0.0786339,-0.316765,-0.215472,3132.61,3603.55,45.7143,21,515.143,2,5,5,0,0,2
g0135,135,Korns-12,korns,korns,strict,llmsr,7,7,drsr;dso;gplearn;llmsr;pyoperon;pysr;tpsr,,0.403896,0.369802,0.251472,0.236821,0.268838,0.239586,-0.602329,-0.625579,-0.57901,-0.620539,-0.132832,-0.0668334,-0.276266,-0.137396,3113.14,3602.01,31,24,425.571,3,4,4,0,0,3
g0136,136,I.24.6_3_1,llm-srbench,llm-srbench/lsrtransform,relaxed,llmsr,7,7,drsr;dso;gplearn;llmsr;pyoperon;pysr;tpsr,,0.0311211,0.016844,0.0308581,0.0165754,0.169832,0.126197,-1.64481,-1.78054,-0.886417,-0.89895,0.818263,0.90238,0.547014,0.663399,3134.46,3603.8,27,21,390.429,2,5,5,0,0,2
g0137,137,feynman_I_24_6,srbench1.0,srbench1.0/feynman,relaxed,llmsr,7,7,drsr;dso;gplearn;llmsr;pyoperon;pysr;tpsr,,0.0567198,0.056517,0.0546575,0.0526834,0.175512,0.243836,-1.72058,-1.27833,-0.973047,-0.612902,0.851281,0.856652,0.732179,0.62792,3134.22,3604.39,34.8571,19,408.286,2,5,5,0,0,2
g0138,138,I.50.26_0_0,llm-srbench,llm-srbench/lsrtransform,relaxed,llmsr,7,7,drsr;dso;gplearn;llmsr;pyoperon;pysr;tpsr,,1.09379,1.0684,1.00001,1.00001,78.6509,1.04626,2.231947e-06,3.098519e-06,0.534826,0.0196404,-5.467605e-05,-5.666726e-05,-80.8234,-0.0884644,3134.75,3605,65.7143,21,689.429,2,5,5,0,0,2
g0139,139,II.36.38_0_0,llm-srbench,llm-srbench/lsrtransform,relaxed,llmsr,7,7,drsr;dso;gplearn;llmsr;pyoperon;pysr;tpsr,,1.01194,1.00161,1.00191,1.00019,4.61375,1.00324,0.000824902,8.402921e-05,0.209549,0.00140477,-0.00205538,-0.000342426,-3.61753,-0.00406201,3136.04,3606.06,35.4286,26,499,2,5,5,0,0,2
g0140,140,Korns-9,korns,korns,strict,llmsr,7,7,drsr;dso;gplearn;llmsr;pyoperon;pysr;tpsr,,1.545855e+14,1.00001,1.96266,1,1.00717,1,0.128831,0,0.00303938,0,-1.00884,-0.0235307,-0.00831026,-0.00112963,3133.36,3604.43,2835.86,17,1.429400e+04,3,4,4,0,0,3
g0141,141,Keijzer-15,keijzer,keijzer,one-sided,llmsr,7,6,drsr;gplearn;llmsr;pyoperon;pysr;tpsr,dso,0.783392,0.813545,0.29262,0.363873,0.336451,0.414712,-2.80628,-0.439083,-2.76808,-0.382301,0.70738,0.636127,0.662312,0.583764,2877.57,3602.23,35.1667,15,429,3,4,3,1,0,3
g0142,142,BPG10,llm-srbench,llm-srbench/bio_pop_growth,one-sided,llmsr,7,7,drsr;dso;gplearn;llmsr;pyoperon;pysr;tpsr,,0.0184915,1.607743e-05,0.0188936,1.468725e-05,0.00122772,1.757948e-06,-5.27455,-4.83306,-5.12976,-5.75499,0.969217,0.999976,0.957389,0.999939,3132.42,3602.24,22.8571,17,329.714,2,5,5,0,0,2
g0143,143,MatSci8,llm-srbench,llm-srbench/matsci,one-sided,llmsr,7,6,drsr;dso;gplearn;llmsr;pyoperon;tpsr,pysr,0.0698637,0.0225138,0.197652,0.0237349,0.0745028,0.0299033,-1.98315,-2.1034,-2.0977,-1.93934,0.609521,0.95311,-16.2661,-5.93014,3054.05,3603.21,35.6667,13,434.167,2,5,4,1,0,2
g0144,144,Nguyen-8,nguyen,nguyen,one-sided,llmsr,7,7,drsr;dso;gplearn;llmsr;pyoperon;pysr;tpsr,,0.000735618,2.048589e-05,0.000332264,2.286244e-05,0.00221332,4.708100e-05,-88.8717,-4.64088,-11.7701,-4.32715,0.997224,0.999809,-10.4687,0.756043,2459.86,3602.15,11.1429,5,261.571,4,3,3,0,0,4
g0145,145,first_principles_rydberg,srbench2025,srbench2025/firstprinciples,one-sided,llmsr,7,7,drsr;dso;gplearn;llmsr;pyoperon;pysr;tpsr,,0.000965041,0.000689754,0.00110845,0.000288241,0.00284389,0.000606225,-3.72312,-3.54024,-3.42951,-3.21737,0.464385,0.860719,0.905763,0.979912,2946.5,3601.94,28.1429,24,341.286,3,4,4,0,0,3
g0146,146,CRK17,llm-srbench,llm-srbench/chem_react,one-sided,llmsr,7,7,drsr;dso;gplearn;llmsr;pyoperon;pysr;tpsr,,0.0690398,0.0494355,0.0766437,0.0532134,0.0547627,0.0135817,-1.58948,-1.27398,-1.98305,-1.86705,0.855542,0.899703,-32.6545,-7.34665,3132.49,3602.21,13.7143,8,281.429,2,5,5,0,0,2
g0147,147,MatSci25,llm-srbench,llm-srbench/matsci,one-sided,llmsr,7,7,drsr;dso;gplearn;llmsr;pyoperon;pysr;tpsr,,0.00405008,0.00125985,0.00362343,0.00126833,0.00744336,0.00119702,-3.3497,-2.89677,-3.06827,-2.9219,0.985337,0.994868,-2.61981,0.417873,3132.52,3602.21,29.1429,16,355,2,5,5,0,0,2
g0148,148,MatSci11,llm-srbench,llm-srbench/matsci,one-sided,llmsr,7,7,drsr;dso;gplearn;llmsr;pyoperon;pysr;tpsr,,0.0336564,0.00912414,0.0349046,0.00926055,0.0636507,0.0173524,-2.36746,-2.03336,-2.24966,-1.76064,0.92992,0.981407,-3.80983,-0.31125,3055.63,3601.99,34.7143,18,377.429,3,4,4,0,0,3
g0149,149,PO32,llm-srbench,llm-srbench/phys_osc,one-sided,llmsr,7,7,drsr;dso;gplearn;llmsr;pyoperon;pysr;tpsr,,0.191037,0.0835607,0.174753,0.0756882,0.156132,0.0251124,-1.31869,-1.12097,-1.69946,-1.60011,0.825238,0.924308,0.841643,0.97453,3131.93,3602.18,19,16,305.857,2,5,5,0,0,2
g0150,150,CRK28,llm-srbench,llm-srbench/chem_react,one-sided,llmsr,7,7,drsr;dso;gplearn;llmsr;pyoperon;pysr;tpsr,,0.0149406,0.00507519,6.523254e+12,0.00528304,0.00484071,0.0016222,0.0618939,-2.27712,-2.80731,-2.7899,-1.999235e+14,0.838086,-61.431,-19.9217,3039.65,3602.09,12.8571,13,255.857,3,4,4,0,0,3
g0151,151,MatSci3,llm-srbench,llm-srbench/matsci,one-sided,llmsr,7,7,drsr;dso;gplearn;llmsr;pyoperon;pysr;tpsr,,0.108606,0.0227827,0.109951,0.0252872,0.170275,0.111134,-1.75405,-1.5971,-1.63543,-0.954154,0.334065,0.846845,-20.0163,-12.7168,3149.75,3607.92,25.8571,11,352.571,2,5,5,0,0,2
g0152,152,first_principles_tully_fisher,srbench2025,srbench2025/firstprinciples,one-sided,llmsr,7,7,drsr;dso;gplearn;llmsr;pyoperon;pysr;tpsr,,0.000691053,0.000432647,0.00207518,0.00073866,0.00291346,0.00113706,-3.02624,-3.13156,-2.9303,-2.94422,0.78395,0.923097,0.78885,0.917593,3057.9,3607.68,11.7143,11,276.857,3,4,4,0,0,3
g0153,153,MatSci21,llm-srbench,llm-srbench/matsci,one-sided,llmsr,7,7,drsr;dso;gplearn;llmsr;pyoperon;pysr;tpsr,,1159.47,0.289506,1127.44,0.291795,14.9842,0.462295,-0.941626,-0.534922,-0.953339,-0.335081,-1131.62,0.706864,-557.928,-16.2441,3148.19,3607.67,30.1429,15,361.714,2,5,5,0,0,2
g0154,154,first_principles_leavitt,srbench2025,srbench2025/firstprinciples,one-sided,llmsr,7,7,drsr;dso;gplearn;llmsr;pyoperon;pysr;tpsr,,0.00049192,0.000441335,0.000225638,0.000233034,0.000993687,0.00108665,-3.76212,-3.63258,-3.05039,-2.96391,0.809736,0.8035,0.934406,0.928269,3119.6,3606.95,15.8571,19,264,3,4,4,0,0,3
g0155,155,PO8,llm-srbench,llm-srbench/phys_osc,one-sided,llmsr,7,7,drsr;dso;gplearn;llmsr;pyoperon;pysr;tpsr,,0.0891255,0.0207746,0.0778378,0.0176314,0.0630976,0.0133533,-1.79497,-1.75371,-1.91047,-1.87441,0.921669,0.982257,0.93637,0.986534,3154.04,3607.86,19.8571,17,312.571,2,5,5,0,0,2
g0156,156,Keijzer-12,keijzer,keijzer,one-sided,llmsr,7,7,drsr;dso;gplearn;llmsr;pyoperon;pysr;tpsr,,2.92973,0.550301,0.359134,0.274128,0.316154,0.136046,-2.7024,-0.562047,-3.11861,-0.866313,0.445337,0.576624,0.147227,0.633037,3155.6,3616.98,32.7143,17,389.571,2,5,5,0,0,2
g0157,157,PO26,llm-srbench,llm-srbench/phys_osc,one-sided,llmsr,7,7,drsr;dso;gplearn;llmsr;pyoperon;pysr;tpsr,,33.7988,0.334828,27.9037,0.402676,140.754,0.255695,-0.222823,-0.395045,-0.266584,-0.592278,-26.9214,0.59707,-175.565,0.67925,3137.6,3607.5,15.7143,15,295.714,2,5,5,0,0,2
g0158,158,PO0,llm-srbench,llm-srbench/phys_osc,one-sided,llmsr,7,7,drsr;dso;gplearn;llmsr;pyoperon;pysr;tpsr,,0.109234,0.0468118,0.128511,0.0648797,0.108587,0.0103407,-1.10366,-1.18789,-1.61043,-1.98545,0.871241,0.934995,0.878297,0.98841,3145.35,3607.87,16.2857,11,293.143,2,5,5,0,0,2
g0159,159,CRK30,llm-srbench,llm-srbench/chem_react,one-sided,llmsr,7,7,drsr;dso;gplearn;llmsr;pyoperon;pysr;tpsr,,0.0617437,0.0113738,0.0621416,0.0109688,0.0807021,0.0541546,-1.81989,-1.95984,-1.54197,-1.26636,0.684307,0.944276,-302.219,-202.473,3149.94,3607.33,11.7143,8,276.714,2,5,5,0,0,2
g0160,160,PO16,llm-srbench,llm-srbench/phys_osc,one-sided,llmsr,7,7,drsr;dso;gplearn;llmsr;pyoperon;pysr;tpsr,,0.201569,0.112665,0.217825,0.117636,0.194403,0.101972,-2.72994,-0.929459,-2.73202,-0.991521,0.782129,0.882339,0.803128,0.896734,3149.14,3607.73,17.2857,16,308,2,5,5,0,0,2
g0161,161,CRK13,llm-srbench,llm-srbench/chem_react,mid-gap,llmsr,7,7,drsr;dso;gplearn;llmsr;pyoperon;pysr;tpsr,,1.954006e+08,0.163374,1.805770e+08,0.00222775,1.511186e+10,0.0160931,-0.091787,-2.65213,1.12716,-1.79336,-8.860753e+08,0.989069,-7.886532e+12,-7.3986,3146.53,3607.39,10.5714,8,268.571,2,5,5,0,0,2
g0162,162,CRK11,llm-srbench,llm-srbench/chem_react,mid-gap,llmsr,7,7,drsr;dso;gplearn;llmsr;pyoperon;pysr;tpsr,,5.201307e+08,0.00262602,3.103884e+08,0.00503008,1.436766e+13,6.08112,-0.0760286,-2.29843,2.76854,0.783984,-3.196301e+08,0.99482,-2.274581e+13,-8.62718,3114.69,3607.74,9.57143,8,258,3,4,4,0,0,3
g0163,163,CRK8,llm-srbench,llm-srbench/chem_react,mid-gap,llmsr,7,7,drsr;dso;gplearn;llmsr;pyoperon;pysr;tpsr,,1.152976e+07,0.0285295,1.094095e+07,0.0242815,1.400641e+20,8.979016e+09,0.281766,-1.61472,7.49437,9.95323,-1.146336e+07,0.974559,-3.266397e+20,-2.093972e+10,3146.78,3607.9,10.2857,8,270.429,2,5,5,0,0,2
g0164,164,CRK18,llm-srbench,llm-srbench/chem_react,mid-gap,llmsr,7,7,drsr;dso;gplearn;llmsr;pyoperon;pysr;tpsr,,8.007464e+07,0.0492821,6.026962e+07,0.055932,6.577871e+14,9252.66,-0.22904,-1.25234,5.32457,3.96627,-6.619815e+07,0.938566,-2.232199e+16,-3.139876e+05,3149.66,3610.01,13.5714,11,269.714,2,5,5,0,0,2
g0165,165,CRK10,llm-srbench,llm-srbench/chem_react,mid-gap,llmsr,7,7,drsr;dso;gplearn;llmsr;pyoperon;pysr;tpsr,,6.643889e+07,0.0445874,8.087493e+07,0.0548836,2.332045e+13,90.1343,0.066251,-1.26056,3.52736,1.95489,-8.826365e+07,0.940102,-1.042967e+14,-402.11,3148.93,3608.97,12.2857,8,265.429,2,5,5,0,0,2
g0166,166,CRK24,llm-srbench,llm-srbench/chem_react,mid-gap,llmsr,7,7,drsr;dso;gplearn;llmsr;pyoperon;pysr;tpsr,,4.407788e+42,0.0221923,2.063518e+42,0.017481,4.186356e+52,6.77932,4.73456,-1.75743,8.53352,0.831186,-2.270735e+42,0.980764,-1.183781e+53,-18.17,3152.63,3609.61,10.4286,8,250.143,2,5,5,0,0,2
g0167,167,BPG3,llm-srbench,llm-srbench/bio_pop_growth,mid-gap,llmsr,7,7,drsr;dso;gplearn;llmsr;pyoperon;pysr;tpsr,,9.294382e+05,0.00664661,1.325979e+06,0.00908347,2.272750e+17,3.326513e+07,-0.0539818,-2.04175,7.54411,7.52199,-1.406064e+06,0.990368,-2.608612e+17,-3.818098e+07,3152.38,3611.59,12.7143,8,253.429,2,5,5,0,0,2
g0168,168,CRK34,llm-srbench,llm-srbench/chem_react,mid-gap,llmsr,7,7,drsr;dso;gplearn;llmsr;pyoperon;pysr;tpsr,,7.005809e+05,0.0153065,8.065385e+05,0.0150653,1.849382e+11,99.9931,-0.368422,-1.82202,2.88985,1.99997,-8.770453e+05,0.983618,-2.277559e+11,-122.144,3151.13,3607.59,11.8571,12,264.714,2,5,5,0,0,2
g0169,169,CRK9,llm-srbench,llm-srbench/chem_react,mid-gap,llmsr,7,7,drsr;dso;gplearn;llmsr;pyoperon;pysr;tpsr,,0.167036,0.000392474,3.737634e+04,0.00334723,1.571794e+10,8.25469,-1.39017,-2.47531,2.67548,0.916701,-4.166956e+04,0.996268,-6.627101e+10,-33.804,3154.79,3614.48,14.7143,14,280.286,2,5,5,0,0,2
g0170,170,BPG17,llm-srbench,llm-srbench/bio_pop_growth,mid-gap,llmsr,7,7,drsr;dso;gplearn;llmsr;pyoperon;pysr;tpsr,,23.1592,0.00377542,21.0014,0.00653654,1.356327e+07,993.018,-1.59027,-2.18465,3.51762,2.99696,-25.2214,0.991839,-5.198214e+08,-3.805709e+04,3151.16,3607.75,13.8571,8,261,2,5,5,0,0,2
g0171,171,CRK2,llm-srbench,llm-srbench/chem_react,mid-gap,llmsr,7,7,drsr;dso;gplearn;llmsr;pyoperon;pysr;tpsr,,1.651712e+07,0.582659,1.958492e+07,0.623804,2.544068e+09,1,-0.594193,-0.204952,0.495762,0,-2.243887e+07,0.285294,-2.313348e+10,-8.09311,3146.99,3607.61,7.28571,8,257,2,5,5,0,0,2
g0172,172,CRK0,llm-srbench,llm-srbench/chem_react,mid-gap,llmsr,7,7,drsr;dso;gplearn;llmsr;pyoperon;pysr;tpsr,,4.865228e+08,0.0542595,3.468743e+08,0.0498534,3.046196e+12,0.85842,-0.171452,-1.30231,1.98854,-0.0663004,-3.834911e+08,0.944884,-1.156594e+13,-2.25929,3148.43,3607.42,13.1429,9,263,2,5,5,0,0,2
g0173,173,feynman-ii.35.18,srsd,srsd/srsd-feynman_hard,mid-gap,llmsr,7,7,drsr;dso;gplearn;llmsr;pyoperon;pysr;tpsr,,0.237039,1.030482e-13,0.239826,9.606931e-14,0.251685,1.209127e-11,-7.62279,-13.0174,-6.40864,-10.9175,0.591012,1,-24.3336,1,2721.41,3603.12,579.857,14,2894.29,4,3,3,0,0,4
g0174,174,feynman-ii.35.18,srsd,srsd/srsd-feynman_hard_dummy,mid-gap,llmsr,7,6,drsr;dso;gplearn;llmsr;pyoperon;pysr,tpsr,0.262209,0.000244069,0.264541,0.000287937,0.272866,0.00142426,-7.09088,-8.13109,-5.75507,-6.50604,0.548865,0.999509,-26.1169,0.85846,3058.22,3605.42,347.167,16,1845.5,2,5,4,1,0,2
g0175,175,feynman-bonus.2,srsd,srsd/srsd-feynman_hard,mid-gap,llmsr,7,6,drsr;dso;gplearn;llmsr;pyoperon;pysr,tpsr,4.112433e+11,0.974314,1.001779e+11,0.979436,2.372110e+10,0.995208,1.94368,-0.00902802,1.85194,-0.00208618,-1.029762e+11,-0.00679433,-2.398365e+10,-0.00622324,3070,3609.55,206.5,14,1173.67,2,5,4,1,0,2
g0176,176,feynman_II_8_7,srbench1.0,srbench1.0/feynman,mid-gap,pysr,7,7,drsr;dso;gplearn;llmsr;pyoperon;pysr;tpsr,,0.117322,0.0644431,0.120379,0.072944,0.290299,0.307671,-3.46115,-1.13701,-3.12645,-0.511913,0.784866,0.869639,0.619684,0.596926,3151.8,3607.94,15.4286,11,283.429,2,5,5,0,0,2
g0177,177,feynman_I_14_3,srbench1.0,srbench1.0/feynman,mid-gap,pysr,7,7,drsr;dso;gplearn;llmsr;pyoperon;pysr;tpsr,,0.0203925,0.0194417,0.0195223,0.0174126,0.109509,0.051463,-12.6172,-1.75914,-12.4827,-1.2885,0.942711,0.948902,0.842536,0.926001,2670.32,3609.99,11,11,288.143,3,4,4,0,0,3
g0178,178,feynman_I_43_16,srbench1.0,srbench1.0/feynman,mid-gap,pysr,7,7,drsr;dso;gplearn;llmsr;pyoperon;pysr;tpsr,,0.114644,0.119037,0.117962,0.126287,0.301351,0.364311,-7.53142,-0.898641,-7.38556,-0.438527,0.751209,0.733651,0.621974,0.542994,2915.76,3610.58,15.7143,14,329.857,3,4,4,0,0,3
g0179,179,feynman_III_15_14,srbench1.0,srbench1.0/feynman,mid-gap,pysr,7,7,drsr;dso;gplearn;llmsr;pyoperon;pysr;tpsr,,0.294337,0.268111,0.295195,0.275398,0.537074,0.613582,-2.8974,-0.560038,-2.62909,-0.212127,0.595646,0.622763,0.344038,0.250593,3158.79,3609.74,15.5714,11,279.143,2,5,5,0,0,2
g0180,180,feynman_II_15_4,srbench1.0,srbench1.0/feynman,mid-gap,pysr,7,7,drsr;dso;gplearn;llmsr;pyoperon;pysr;tpsr,,0.469882,0.256148,0.474286,0.256463,1.33619,0.617493,-6.98489,-0.590975,-6.73466,-0.209368,0.252147,0.59561,-1.31277,-0.068795,3218.96,3616.23,12.5714,11,295.143,2,5,5,0,0,2
g0181,181,feynman_II_3_24,srbench1.0,srbench1.0/feynman,mid-gap,pysr,7,7,drsr;dso;gplearn;llmsr;pyoperon;pysr;tpsr,,0.0771016,0.0124152,0.0750059,0.0124152,0.175703,0.060976,-3.91604,-1.90605,-3.55486,-1.21484,0.871467,0.978725,0.730071,0.906324,3221.79,3633.48,11.1429,8,252.857,2,5,5,0,0,2
g0182,182,I.11.19_3_0,llm-srbench,llm-srbench/lsrtransform,mid-gap,pysr,7,7,drsr;dso;gplearn;llmsr;pyoperon;pysr;tpsr,,0.0360566,0.0333385,0.0379627,0.0367853,0.135484,0.124669,-3.31765,-1.43433,-3.54736,-0.904243,0.856098,0.860561,0.726048,0.747917,3153.02,3612.76,38,20,438.857,2,5,5,0,0,2
g0183,183,feynman_II_21_32,srbench1.0,srbench1.0/feynman,mid-gap,pysr,7,7,drsr;dso;gplearn;llmsr;pyoperon;pysr;tpsr,,0.138255,0.134314,0.13001,0.123932,0.541684,0.682003,-3.06657,-0.906817,-2.50507,-0.166214,0.702462,0.716373,0.298148,0.11634,3141.21,3611.06,19,17,318.714,2,5,5,0,0,2
g0184,184,III.15.14_1_0,llm-srbench,llm-srbench/lsrtransform,mid-gap,pysr,7,6,drsr;dso;gplearn;llmsr;pysr;tpsr,pyoperon,0.723054,0.936311,0.658664,0.777513,1.26881,1.00022,-0.392781,-0.117892,0.0851313,9.391586e-05,0.328559,0.207405,-0.268944,-0.000322937,3661.95,3614.11,27.5,19.5,425.333,2,5,5,0,0,2
g0185,185,I.11.19_2_0,llm-srbench,llm-srbench/lsrtransform,mid-gap,pysr,7,7,drsr;dso;gplearn;llmsr;pyoperon;pysr;tpsr,,0.0500363,0.048747,0.051125,0.0489409,0.2419,0.14796,-1.418,-1.31033,-0.790908,-0.829854,0.850726,0.857103,0.616619,0.765501,3141.8,3611.43,27.8571,20,429.429,2,5,5,0,0,2
g0186,186,I.11.19_4_0,llm-srbench,llm-srbench/lsrtransform,mid-gap,pysr,7,7,drsr;dso;gplearn;llmsr;pyoperon;pysr;tpsr,,2.5176,0.0603945,2.5998,0.0625199,6.36136,0.274761,-2.89957,-1.20398,-2.88295,-0.561044,-6.52504,0.819038,-9.13537,0.562231,3140.93,3610.93,34.5714,20,433.429,2,5,5,0,0,2
g0187,187,I.11.19_1_0,llm-srbench,llm-srbench/lsrtransform,mid-gap,pysr,7,7,drsr;dso;gplearn;llmsr;pyoperon;pysr;tpsr,,0.13974,0.0477817,0.138799,0.046976,0.249141,0.227841,-1.36119,-1.32812,-0.792918,-0.642368,0.592882,0.862213,0.602525,0.636506,3144.18,3615.97,49.5714,20,472.429,2,5,5,0,0,2
g0188,188,feynman_III_15_27,srbench1.0,srbench1.0/feynman,mid-gap,pysr,7,7,drsr;dso;gplearn;llmsr;pyoperon;pysr;tpsr,,0.0838866,0.0996301,0.0720948,0.092496,0.312854,0.382281,-3.11824,-1.03388,-2.66497,-0.417617,0.830416,0.782428,0.553206,0.454054,3139.51,3611.04,25.5714,16,328.571,2,5,5,0,0,2
g0189,189,feynman_I_12_2,srbench1.0,srbench1.0/feynman,mid-gap,pysr,7,7,drsr;dso;gplearn;llmsr;pyoperon;pysr;tpsr,,0.351832,0.296429,0.34718,0.295206,0.835167,0.602986,-2.62062,-0.529875,-2.27725,-0.219693,0.516589,0.588957,0.0101381,0.285324,3143.85,3613.86,18.2857,14,308.857,2,5,5,0,0,2
g0190,190,feynman_II_11_20,srbench1.0,srbench1.0/feynman,mid-gap,pysr,7,7,drsr;dso;gplearn;llmsr;pyoperon;pysr;tpsr,,0.245145,0.245911,0.255829,0.267697,1.48978,0.777212,-2.95381,-0.572357,-2.49834,-0.10946,0.609127,0.590995,-0.671427,0.128021,3140.98,3611.41,20.5714,17,325.571,2,5,5,0,0,2
g0191,191,II.34.29b_2_0,llm-srbench,llm-srbench/lsrtransform,mid-gap,pysr,7,7,drsr;dso;gplearn;llmsr;pyoperon;pysr;tpsr,,10.5753,0.275244,7.1215,0.293752,6.736884e+08,0.813433,-2.39586,-0.532019,-1.1333,-0.089678,-9.79724,0.554628,-7.428661e+08,0.103039,3145.51,3613.69,56,18,490.857,2,5,5,0,0,2
g0192,192,strogatz_shearflow1,srbench1.0,srbench1.0/strogatz,mid-gap,pysr,7,7,drsr;dso;gplearn;llmsr;pyoperon;pysr;tpsr,,0.30495,0.0818184,0.390641,0.237237,1.56412,1.32057,-6.47637,-0.624817,-6.13847,0.120761,0.603077,0.758947,-0.928125,-0.627898,2744.95,3605.74,20,12,288.714,4,3,3,0,0,4
g0193,193,II.21.32_3_0,llm-srbench,llm-srbench/lsrtransform,mid-gap,pysr,7,6,drsr;dso;gplearn;llmsr;pysr;tpsr,pyoperon,0.426625,0.437541,0.438092,0.460185,1.0357,0.999556,-0.455583,-0.351901,-0.0635199,-0.000193064,0.441232,0.413053,-0.0357095,0.00043961,3659.95,3610.81,32,17,458.833,2,5,5,0,0,2
g0194,194,II.21.32_2_0,llm-srbench,llm-srbench/lsrtransform,mid-gap,pysr,7,6,drsr;dso;gplearn;llmsr;pysr;tpsr,pyoperon,20.5348,0.354143,23.2393,0.358796,6.002332e+09,0.661051,-2.54985,-0.568769,-0.996655,-0.245988,-27.2236,0.564251,-6.002563e+09,0.338923,3661.83,3612.33,21.8333,17,402.5,2,5,5,0,0,2
g0195,195,III.15.27_2_0,llm-srbench,llm-srbench/lsrtransform,mid-gap,pysr,7,7,drsr;dso;gplearn;llmsr;pyoperon;pysr;tpsr,,0.388451,0.192728,0.393553,0.218109,42.8725,0.999942,-2.39465,-0.661326,-1.78173,-2.519248e-05,0.524402,0.73642,-41.8753,-7.791632e-06,3141.6,3615.52,15.4286,11,302.714,2,5,5,0,0,2
g0196,196,II.34.29b_4_0,llm-srbench,llm-srbench/lsrtransform,mid-gap,pysr,7,7,drsr;dso;gplearn;llmsr;pyoperon;pysr;tpsr,,0.322996,0.268215,0.334745,0.293789,0.646149,0.788476,-0.68481,-0.531965,-0.333735,-0.103212,0.492477,0.554573,0.286251,0.129033,3142.11,3610.6,41,20,463.429,2,5,5,0,0,2
g0197,197,III.15.27_1_0,llm-srbench,llm-srbench/lsrtransform,mid-gap,pysr,7,7,drsr;dso;gplearn;llmsr;pyoperon;pysr;tpsr,,2.3754,0.226573,2.95128,0.21814,3.563143e+08,0.999996,-2.3047,-0.661265,-0.849449,-1.857188e-06,-2.56655,0.736384,-3.563361e+08,-5.667162e-05,3137.71,3609.45,10.1429,11,272.571,2,5,5,0,0,2
g0198,198,feynman_II_34_29b,srbench1.0,srbench1.0/feynman,mid-gap,pysr,7,7,drsr;dso;gplearn;llmsr;pyoperon;pysr;tpsr,,0.820016,0.161188,0.851569,0.169703,2.19843,0.559761,-1.10028,-0.77031,-0.559998,-0.251997,-0.571782,0.68677,-1.5467,0.351565,3140.45,3610.97,45.2857,17,468.571,2,5,5,0,0,2
g0199,199,III.13.18_0_0,llm-srbench,llm-srbench/lsrtransform,mid-gap,pysr,7,7,drsr;dso;gplearn;llmsr;pyoperon;pysr;tpsr,,0.243709,0.349446,0.245786,0.341687,0.517146,0.591053,-1.18354,-0.466372,-0.662892,-0.228374,0.671368,0.543143,0.418939,0.335897,3140.29,3610.77,61.5714,21,499.286,2,5,5,0,0,2
g0200,200,Korns-3,korns,korns,mid-gap,pysr,7,7,drsr;dso;gplearn;llmsr;pyoperon;pysr;tpsr,,1.13391,0.617862,1904.5,0.93737,8.2526,0.996095,-1.05746,-0.0280891,-1.828,-0.00169925,-2102.61,-0.0353728,-7.25824,0.00322518,3032.79,3607.74,26.7143,18,428.857,3,4,4,0,0,3
